rosbagTimestamp,header,seq,stamp,secs,nsecs,frame_id,orientation,x,y,z,w,orientation_covariance,angular_velocity,x,y,z,angular_velocity_covariance,linear_acceleration,x,y,z,linear_acceleration_covariance
1612714823067985105,,3356,,0,0,'',,-0.0565185546875,0.593078613281,-0.598266601562,0.535827636719,"[0.0, 0.0, 0.0, 0.0, 0.0, 0.0, 0.0, 0.0, 0.0]",,-17.375,-9.0,4.125,"[0.0, 0.0, 0.0, 0.0, 0.0, 0.0, 0.0, 0.0, 0.0]",,-0.540000021458,2.05999994278,0.430000007153,"[0.0, 0.0, 0.0, 0.0, 0.0, 0.0, 0.0, 0.0, 0.0]"
1612714823120684077,,3357,,0,0,'',,-0.0594482421875,0.59228515625,-0.596130371094,0.538818359375,"[0.0, 0.0, 0.0, 0.0, 0.0, 0.0, 0.0, 0.0, 0.0]",,-12.4375,7.625,-1.125,"[0.0, 0.0, 0.0, 0.0, 0.0, 0.0, 0.0, 0.0, 0.0]",,0.439999997616,0.230000004172,-0.20000000298,"[0.0, 0.0, 0.0, 0.0, 0.0, 0.0, 0.0, 0.0, 0.0]"
1612714823196901467,,3358,,0,0,'',,-0.0598754882812,0.596862792969,-0.593322753906,0.536804199219,"[0.0, 0.0, 0.0, 0.0, 0.0, 0.0, 0.0, 0.0, 0.0]",,1.6875,2.3125,2.0625,"[0.0, 0.0, 0.0, 0.0, 0.0, 0.0, 0.0, 0.0, 0.0]",,-0.449999988079,-0.00999999977648,0.15000000596,"[0.0, 0.0, 0.0, 0.0, 0.0, 0.0, 0.0, 0.0, 0.0]"
1612714823242980361,,3359,,0,0,'',,-0.0587768554688,0.596069335938,-0.593078613281,0.538024902344,"[0.0, 0.0, 0.0, 0.0, 0.0, 0.0, 0.0, 0.0, 0.0]",,1.375,-2.0,5.5,"[0.0, 0.0, 0.0, 0.0, 0.0, 0.0, 0.0, 0.0, 0.0]",,-0.140000000596,-0.360000014305,0.10000000149,"[0.0, 0.0, 0.0, 0.0, 0.0, 0.0, 0.0, 0.0, 0.0]"
1612714823315036745,,3360,,0,0,'',,-0.0564575195312,0.594848632812,-0.592529296875,0.540283203125,"[0.0, 0.0, 0.0, 0.0, 0.0, 0.0, 0.0, 0.0, 0.0]",,3.125,-3.875,3.875,"[0.0, 0.0, 0.0, 0.0, 0.0, 0.0, 0.0, 0.0, 0.0]",,-0.270000010729,0.070000000298,0.300000011921,"[0.0, 0.0, 0.0, 0.0, 0.0, 0.0, 0.0, 0.0, 0.0]"
1612714823362911421,,3361,,0,0,'',,-0.0549926757812,0.592590332031,-0.591796875,0.543640136719,"[0.0, 0.0, 0.0, 0.0, 0.0, 0.0, 0.0, 0.0, 0.0]",,6.375,-3.125,9.4375,"[0.0, 0.0, 0.0, 0.0, 0.0, 0.0, 0.0, 0.0, 0.0]",,-0.0799999982119,0.140000000596,0.310000002384,"[0.0, 0.0, 0.0, 0.0, 0.0, 0.0, 0.0, 0.0, 0.0]"
1612714823413695282,,3362,,0,0,'',,-0.0512084960938,0.591125488281,-0.591857910156,0.545593261719,"[0.0, 0.0, 0.0, 0.0, 0.0, 0.0, 0.0, 0.0, 0.0]",,3.125,-2.4375,5.5,"[0.0, 0.0, 0.0, 0.0, 0.0, 0.0, 0.0, 0.0, 0.0]",,-0.0299999993294,-0.0599999986589,0.409999996424,"[0.0, 0.0, 0.0, 0.0, 0.0, 0.0, 0.0, 0.0, 0.0]"
1612714823479548783,,3363,,0,0,'',,-0.0480346679688,0.587341308594,-0.593444824219,0.548217773438,"[0.0, 0.0, 0.0, 0.0, 0.0, 0.0, 0.0, 0.0, 0.0]",,10.5,-4.625,3.6875,"[0.0, 0.0, 0.0, 0.0, 0.0, 0.0, 0.0, 0.0, 0.0]",,0.310000002384,0.15000000596,-0.0500000007451,"[0.0, 0.0, 0.0, 0.0, 0.0, 0.0, 0.0, 0.0, 0.0]"
1612714823526018085,,3364,,0,0,'',,-0.0462036132812,0.586242675781,-0.595764160156,0.546997070312,"[0.0, 0.0, 0.0, 0.0, 0.0, 0.0, 0.0, 0.0, 0.0]",,7.0,-3.125,-0.375,"[0.0, 0.0, 0.0, 0.0, 0.0, 0.0, 0.0, 0.0, 0.0]",,0.0,-0.159999996424,-0.310000002384,"[0.0, 0.0, 0.0, 0.0, 0.0, 0.0, 0.0, 0.0, 0.0]"
1612714823588560577,,3365,,0,0,'',,-0.0462646484375,0.583923339844,-0.597717285156,0.54736328125,"[0.0, 0.0, 0.0, 0.0, 0.0, 0.0, 0.0, 0.0, 0.0]",,-0.5625,4.75,-6.3125,"[0.0, 0.0, 0.0, 0.0, 0.0, 0.0, 0.0, 0.0, 0.0]",,0.15000000596,-0.280000001192,-0.419999986887,"[0.0, 0.0, 0.0, 0.0, 0.0, 0.0, 0.0, 0.0, 0.0]"
1612714823644628395,,3366,,0,0,'',,-0.0470581054688,0.586608886719,-0.600463867188,0.541381835938,"[0.0, 0.0, 0.0, 0.0, 0.0, 0.0, 0.0, 0.0, 0.0]",,-5.1875,10.0625,-16.5,"[0.0, 0.0, 0.0, 0.0, 0.0, 0.0, 0.0, 0.0, 0.0]",,0.589999973774,-1.23000001907,-0.389999985695,"[0.0, 0.0, 0.0, 0.0, 0.0, 0.0, 0.0, 0.0, 0.0]"
1612714823703236441,,3367,,0,0,'',,-0.0484619140625,0.596374511719,-0.601806640625,0.528991699219,"[0.0, 0.0, 0.0, 0.0, 0.0, 0.0, 0.0, 0.0, 0.0]",,-22.0625,34.4375,-14.375,"[0.0, 0.0, 0.0, 0.0, 0.0, 0.0, 0.0, 0.0, 0.0]",,-1.39999997616,-0.460000008345,1.5,"[0.0, 0.0, 0.0, 0.0, 0.0, 0.0, 0.0, 0.0, 0.0]"
1612714823771337097,,3368,,0,0,'',,-0.0478515625,0.5966796875,-0.605834960938,0.524108886719,"[0.0, 0.0, 0.0, 0.0, 0.0, 0.0, 0.0, 0.0, 0.0]",,11.125,12.125,-15.0625,"[0.0, 0.0, 0.0, 0.0, 0.0, 0.0, 0.0, 0.0, 0.0]",,-0.340000003576,0.649999976158,0.629999995232,"[0.0, 0.0, 0.0, 0.0, 0.0, 0.0, 0.0, 0.0, 0.0]"
1612714823818728729,,3369,,0,0,'',,-0.0492553710938,0.595520019531,-0.608093261719,0.522644042969,"[0.0, 0.0, 0.0, 0.0, 0.0, 0.0, 0.0, 0.0, 0.0]",,-2.125,-1.5,-2.0,"[0.0, 0.0, 0.0, 0.0, 0.0, 0.0, 0.0, 0.0, 0.0]",,-0.319999992847,-0.10000000149,0.019999999553,"[0.0, 0.0, 0.0, 0.0, 0.0, 0.0, 0.0, 0.0, 0.0]"
1612714823869619717,,3370,,0,0,'',,-0.0492553710938,0.59423828125,-0.608581542969,0.523498535156,"[0.0, 0.0, 0.0, 0.0, 0.0, 0.0, 0.0, 0.0, 0.0]",,0.1875,-7.4375,3.0625,"[0.0, 0.0, 0.0, 0.0, 0.0, 0.0, 0.0, 0.0, 0.0]",,-0.170000001788,-0.109999999404,0.0299999993294,"[0.0, 0.0, 0.0, 0.0, 0.0, 0.0, 0.0, 0.0, 0.0]"
1612714823927927901,,3371,,0,0,'',,-0.0510864257812,0.592590332031,-0.606994628906,0.527038574219,"[0.0, 0.0, 0.0, 0.0, 0.0, 0.0, 0.0, 0.0, 0.0]",,-5.5,4.125,4.8125,"[0.0, 0.0, 0.0, 0.0, 0.0, 0.0, 0.0, 0.0, 0.0]",,-0.589999973774,-0.439999997616,-0.0599999986589,"[0.0, 0.0, 0.0, 0.0, 0.0, 0.0, 0.0, 0.0, 0.0]"
1612714823986361337,,3372,,0,0,'',,-0.0514526367188,0.593627929688,-0.60498046875,0.528198242188,"[0.0, 0.0, 0.0, 0.0, 0.0, 0.0, 0.0, 0.0, 0.0]",,-7.25,3.0,7.375,"[0.0, 0.0, 0.0, 0.0, 0.0, 0.0, 0.0, 0.0, 0.0]",,0.15000000596,0.25,0.419999986887,"[0.0, 0.0, 0.0, 0.0, 0.0, 0.0, 0.0, 0.0, 0.0]"
1612714824038600762,,3373,,0,0,'',,-0.05126953125,0.59619140625,-0.6005859375,0.530334472656,"[0.0, 0.0, 0.0, 0.0, 0.0, 0.0, 0.0, 0.0, 0.0]",,-9.5625,2.875,7.5,"[0.0, 0.0, 0.0, 0.0, 0.0, 0.0, 0.0, 0.0, 0.0]",,-0.670000016689,0.579999983311,-0.189999997616,"[0.0, 0.0, 0.0, 0.0, 0.0, 0.0, 0.0, 0.0, 0.0]"
1612714824106325650,,3374,,0,0,'',,-0.0504150390625,0.598754882812,-0.596557617188,0.531982421875,"[0.0, 0.0, 0.0, 0.0, 0.0, 0.0, 0.0, 0.0, 0.0]",,-6.0625,-4.0625,7.25,"[0.0, 0.0, 0.0, 0.0, 0.0, 0.0, 0.0, 0.0, 0.0]",,0.409999996424,0.540000021458,-0.159999996424,"[0.0, 0.0, 0.0, 0.0, 0.0, 0.0, 0.0, 0.0, 0.0]"
1612714824160271996,,3375,,0,0,'',,-0.0505981445312,0.600036621094,-0.593139648438,0.534423828125,"[0.0, 0.0, 0.0, 0.0, 0.0, 0.0, 0.0, 0.0, 0.0]",,-1.9375,-9.875,3.8125,"[0.0, 0.0, 0.0, 0.0, 0.0, 0.0, 0.0, 0.0, 0.0]",,-0.019999999553,0.0599999986589,0.00999999977648,"[0.0, 0.0, 0.0, 0.0, 0.0, 0.0, 0.0, 0.0, 0.0]"
1612714824213871307,,3376,,0,0,'',,-0.0523681640625,0.599182128906,-0.592651367188,0.535705566406,"[0.0, 0.0, 0.0, 0.0, 0.0, 0.0, 0.0, 0.0, 0.0]",,-0.1875,1.875,-1.0625,"[0.0, 0.0, 0.0, 0.0, 0.0, 0.0, 0.0, 0.0, 0.0]",,-0.0500000007451,-0.109999999404,0.189999997616,"[0.0, 0.0, 0.0, 0.0, 0.0, 0.0, 0.0, 0.0, 0.0]"
1612714824272714006,,3377,,0,0,'',,-0.0535278320312,0.598815917969,-0.592834472656,0.535766601562,"[0.0, 0.0, 0.0, 0.0, 0.0, 0.0, 0.0, 0.0, 0.0]",,-1.3125,0.0,-2.8125,"[0.0, 0.0, 0.0, 0.0, 0.0, 0.0, 0.0, 0.0, 0.0]",,0.0599999986589,-0.319999992847,-0.0299999993294,"[0.0, 0.0, 0.0, 0.0, 0.0, 0.0, 0.0, 0.0, 0.0]"
1612714824328227647,,3378,,0,0,'',,-0.0550537109375,0.598815917969,-0.593872070312,0.534484863281,"[0.0, 0.0, 0.0, 0.0, 0.0, 0.0, 0.0, 0.0, 0.0]",,0.5625,1.5625,-2.375,"[0.0, 0.0, 0.0, 0.0, 0.0, 0.0, 0.0, 0.0, 0.0]",,0.070000000298,-0.0599999986589,0.310000002384,"[0.0, 0.0, 0.0, 0.0, 0.0, 0.0, 0.0, 0.0, 0.0]"
1612714824384775549,,3379,,0,0,'',,-0.0546875,0.597778320312,-0.59521484375,0.534301757812,"[0.0, 0.0, 0.0, 0.0, 0.0, 0.0, 0.0, 0.0, 0.0]",,7.0625,-7.1875,-2.3125,"[0.0, 0.0, 0.0, 0.0, 0.0, 0.0, 0.0, 0.0, 0.0]",,-0.449999988079,0.389999985695,0.469999998808,"[0.0, 0.0, 0.0, 0.0, 0.0, 0.0, 0.0, 0.0, 0.0]"
1612714824448305652,,3380,,0,0,'',,-0.0576171875,0.59375,-0.597412109375,0.535949707031,"[0.0, 0.0, 0.0, 0.0, 0.0, 0.0, 0.0, 0.0, 0.0]",,-2.75,-5.0,-3.5625,"[0.0, 0.0, 0.0, 0.0, 0.0, 0.0, 0.0, 0.0, 0.0]",,0.019999999553,-0.15000000596,-0.20000000298,"[0.0, 0.0, 0.0, 0.0, 0.0, 0.0, 0.0, 0.0, 0.0]"
1612714824514911829,,3381,,0,0,'',,-0.0596923828125,0.593688964844,-0.598205566406,0.534912109375,"[0.0, 0.0, 0.0, 0.0, 0.0, 0.0, 0.0, 0.0, 0.0]",,0.1875,0.9375,-6.3125,"[0.0, 0.0, 0.0, 0.0, 0.0, 0.0, 0.0, 0.0, 0.0]",,-0.280000001192,-0.10000000149,0.129999995232,"[0.0, 0.0, 0.0, 0.0, 0.0, 0.0, 0.0, 0.0, 0.0]"
1612714824562561917,,3382,,0,0,'',,-0.0621948242188,0.592895507812,-0.599548339844,0.533996582031,"[0.0, 0.0, 0.0, 0.0, 0.0, 0.0, 0.0, 0.0, 0.0]",,1.375,-3.375,-4.5625,"[0.0, 0.0, 0.0, 0.0, 0.0, 0.0, 0.0, 0.0, 0.0]",,0.360000014305,-0.34999999404,-0.070000000298,"[0.0, 0.0, 0.0, 0.0, 0.0, 0.0, 0.0, 0.0, 0.0]"
1612714824628997422,,3383,,0,0,'',,-0.0618896484375,0.592956542969,-0.601379394531,0.531860351562,"[0.0, 0.0, 0.0, 0.0, 0.0, 0.0, 0.0, 0.0, 0.0]",,2.75,5.5625,-5.625,"[0.0, 0.0, 0.0, 0.0, 0.0, 0.0, 0.0, 0.0, 0.0]",,-0.330000013113,-0.25,0.00999999977648,"[0.0, 0.0, 0.0, 0.0, 0.0, 0.0, 0.0, 0.0, 0.0]"
1612714824683567367,,3384,,0,0,'',,-0.0604248046875,0.594543457031,-0.603088378906,0.5283203125,"[0.0, 0.0, 0.0, 0.0, 0.0, 0.0, 0.0, 0.0, 0.0]",,2.375,2.875,-1.375,"[0.0, 0.0, 0.0, 0.0, 0.0, 0.0, 0.0, 0.0, 0.0]",,-0.280000001192,-0.300000011921,0.479999989271,"[0.0, 0.0, 0.0, 0.0, 0.0, 0.0, 0.0, 0.0, 0.0]"
1612714824728906724,,3385,,0,0,'',,-0.0578002929688,0.597534179688,-0.602661132812,0.525756835938,"[0.0, 0.0, 0.0, 0.0, 0.0, 0.0, 0.0, 0.0, 0.0]",,0.8125,10.625,0.4375,"[0.0, 0.0, 0.0, 0.0, 0.0, 0.0, 0.0, 0.0, 0.0]",,-0.569999992847,0.0399999991059,0.129999995232,"[0.0, 0.0, 0.0, 0.0, 0.0, 0.0, 0.0, 0.0, 0.0]"
1612714824790206815,,3386,,0,0,'',,-0.0562133789062,0.598205566406,-0.60205078125,0.525817871094,"[0.0, 0.0, 0.0, 0.0, 0.0, 0.0, 0.0, 0.0, 0.0]",,-0.9375,0.0,7.1875,"[0.0, 0.0, 0.0, 0.0, 0.0, 0.0, 0.0, 0.0, 0.0]",,0.620000004768,-0.509999990463,-0.15000000596,"[0.0, 0.0, 0.0, 0.0, 0.0, 0.0, 0.0, 0.0, 0.0]"
1612714824848763089,,3387,,0,0,'',,-0.052734375,0.600463867188,-0.60107421875,0.524780273438,"[0.0, 0.0, 0.0, 0.0, 0.0, 0.0, 0.0, 0.0, 0.0]",,4.4375,1.1875,2.0,"[0.0, 0.0, 0.0, 0.0, 0.0, 0.0, 0.0, 0.0, 0.0]",,0.019999999553,0.230000004172,-0.180000007153,"[0.0, 0.0, 0.0, 0.0, 0.0, 0.0, 0.0, 0.0, 0.0]"
1612714824909385329,,3388,,0,0,'',,-0.04833984375,0.60498046875,-0.600158691406,0.52099609375,"[0.0, 0.0, 0.0, 0.0, 0.0, 0.0, 0.0, 0.0, 0.0]",,-4.625,29.0,-0.8125,"[0.0, 0.0, 0.0, 0.0, 0.0, 0.0, 0.0, 0.0, 0.0]",,-1.12000000477,-0.20000000298,0.119999997318,"[0.0, 0.0, 0.0, 0.0, 0.0, 0.0, 0.0, 0.0, 0.0]"
1612714824967586665,,3389,,0,0,'',,-0.0443725585938,0.610290527344,-0.60009765625,0.515258789062,"[0.0, 0.0, 0.0, 0.0, 0.0, 0.0, 0.0, 0.0, 0.0]",,-10.0,12.1875,1.6875,"[0.0, 0.0, 0.0, 0.0, 0.0, 0.0, 0.0, 0.0, 0.0]",,-0.509999990463,-0.0900000035763,0.230000004172,"[0.0, 0.0, 0.0, 0.0, 0.0, 0.0, 0.0, 0.0, 0.0]"
1612714825029055410,,3390,,0,0,'',,-0.0455322265625,0.612365722656,-0.5966796875,0.5166015625,"[0.0, 0.0, 0.0, 0.0, 0.0, 0.0, 0.0, 0.0, 0.0]",,-5.6875,-4.375,2.6875,"[0.0, 0.0, 0.0, 0.0, 0.0, 0.0, 0.0, 0.0, 0.0]",,-0.0299999993294,0.310000002384,0.070000000298,"[0.0, 0.0, 0.0, 0.0, 0.0, 0.0, 0.0, 0.0, 0.0]"
1612714825085823432,,3391,,0,0,'',,-0.0468139648438,0.615600585938,-0.593200683594,0.516662597656,"[0.0, 0.0, 0.0, 0.0, 0.0, 0.0, 0.0, 0.0, 0.0]",,-6.8125,5.875,2.625,"[0.0, 0.0, 0.0, 0.0, 0.0, 0.0, 0.0, 0.0, 0.0]",,-0.25,-0.119999997318,0.070000000298,"[0.0, 0.0, 0.0, 0.0, 0.0, 0.0, 0.0, 0.0, 0.0]"
1612714825147288019,,3392,,0,0,'',,-0.0472412109375,0.618530273438,-0.589294433594,0.517639160156,"[0.0, 0.0, 0.0, 0.0, 0.0, 0.0, 0.0, 0.0, 0.0]",,-14.5,0.8125,13.1875,"[0.0, 0.0, 0.0, 0.0, 0.0, 0.0, 0.0, 0.0, 0.0]",,0.980000019073,0.889999985695,0.419999986887,"[0.0, 0.0, 0.0, 0.0, 0.0, 0.0, 0.0, 0.0, 0.0]"
1612714825208799724,,3393,,0,0,'',,-0.0458374023438,0.62548828125,-0.5810546875,0.518676757812,"[0.0, 0.0, 0.0, 0.0, 0.0, 0.0, 0.0, 0.0, 0.0]",,-5.1875,-7.75,1.9375,"[0.0, 0.0, 0.0, 0.0, 0.0, 0.0, 0.0, 0.0, 0.0]",,-0.270000010729,-0.119999997318,0.070000000298,"[0.0, 0.0, 0.0, 0.0, 0.0, 0.0, 0.0, 0.0, 0.0]"
1612714825250763614,,3394,,0,0,'',,-0.0477294921875,0.625122070312,-0.578247070312,0.522094726562,"[0.0, 0.0, 0.0, 0.0, 0.0, 0.0, 0.0, 0.0, 0.0]",,-4.625,-7.125,8.875,"[0.0, 0.0, 0.0, 0.0, 0.0, 0.0, 0.0, 0.0, 0.0]",,0.159999996424,0.180000007153,0.10000000149,"[0.0, 0.0, 0.0, 0.0, 0.0, 0.0, 0.0, 0.0, 0.0]"
1612714825317240274,,3395,,0,0,'',,-0.0488891601562,0.625305175781,-0.574645996094,0.525695800781,"[0.0, 0.0, 0.0, 0.0, 0.0, 0.0, 0.0, 0.0, 0.0]",,-5.125,-6.625,2.625,"[0.0, 0.0, 0.0, 0.0, 0.0, 0.0, 0.0, 0.0, 0.0]",,-0.209999993443,-0.0500000007451,0.209999993443,"[0.0, 0.0, 0.0, 0.0, 0.0, 0.0, 0.0, 0.0, 0.0]"
1612714825370354315,,3396,,0,0,'',,-0.0508422851562,0.625122070312,-0.572692871094,0.527893066406,"[0.0, 0.0, 0.0, 0.0, 0.0, 0.0, 0.0, 0.0, 0.0]",,-1.5625,-0.6875,1.375,"[0.0, 0.0, 0.0, 0.0, 0.0, 0.0, 0.0, 0.0, 0.0]",,-0.159999996424,-0.430000007153,-0.230000004172,"[0.0, 0.0, 0.0, 0.0, 0.0, 0.0, 0.0, 0.0, 0.0]"
1612714825426531713,,3397,,0,0,'',,-0.0509033203125,0.625610351562,-0.57275390625,0.527221679688,"[0.0, 0.0, 0.0, 0.0, 0.0, 0.0, 0.0, 0.0, 0.0]",,-1.375,2.25,-2.0625,"[0.0, 0.0, 0.0, 0.0, 0.0, 0.0, 0.0, 0.0, 0.0]",,-0.170000001788,-0.0599999986589,0.070000000298,"[0.0, 0.0, 0.0, 0.0, 0.0, 0.0, 0.0, 0.0, 0.0]"
1612714825491941244,,3398,,0,0,'',,-0.051025390625,0.62646484375,-0.572998046875,0.52587890625,"[0.0, 0.0, 0.0, 0.0, 0.0, 0.0, 0.0, 0.0, 0.0]",,-1.3125,2.375,-3.0625,"[0.0, 0.0, 0.0, 0.0, 0.0, 0.0, 0.0, 0.0, 0.0]",,-0.280000001192,0.0900000035763,0.20000000298,"[0.0, 0.0, 0.0, 0.0, 0.0, 0.0, 0.0, 0.0, 0.0]"
1612714825540856203,,3399,,0,0,'',,-0.051025390625,0.627075195312,-0.573303222656,0.52490234375,"[0.0, 0.0, 0.0, 0.0, 0.0, 0.0, 0.0, 0.0, 0.0]",,-0.5,-0.875,1.5625,"[0.0, 0.0, 0.0, 0.0, 0.0, 0.0, 0.0, 0.0, 0.0]",,0.159999996424,-0.0900000035763,0.0399999991059,"[0.0, 0.0, 0.0, 0.0, 0.0, 0.0, 0.0, 0.0, 0.0]"
1612714825600439642,,3400,,0,0,'',,-0.05029296875,0.626586914062,-0.5732421875,0.525573730469,"[0.0, 0.0, 0.0, 0.0, 0.0, 0.0, 0.0, 0.0, 0.0]",,1.25,-1.4375,1.0625,"[0.0, 0.0, 0.0, 0.0, 0.0, 0.0, 0.0, 0.0, 0.0]",,-0.230000004172,-0.019999999553,0.119999997318,"[0.0, 0.0, 0.0, 0.0, 0.0, 0.0, 0.0, 0.0, 0.0]"
1612714825651985083,,3401,,0,0,'',,-0.051025390625,0.625854492188,-0.573364257812,0.526306152344,"[0.0, 0.0, 0.0, 0.0, 0.0, 0.0, 0.0, 0.0, 0.0]",,0.1875,-3.75,-2.25,"[0.0, 0.0, 0.0, 0.0, 0.0, 0.0, 0.0, 0.0, 0.0]",,-0.40000000596,-0.019999999553,0.119999997318,"[0.0, 0.0, 0.0, 0.0, 0.0, 0.0, 0.0, 0.0, 0.0]"
1612714825724367124,,3402,,0,0,'',,-0.0549926757812,0.623901367188,-0.572998046875,0.528564453125,"[0.0, 0.0, 0.0, 0.0, 0.0, 0.0, 0.0, 0.0, 0.0]",,-1.4375,-21.1875,-1.25,"[0.0, 0.0, 0.0, 0.0, 0.0, 0.0, 0.0, 0.0, 0.0]",,0.0399999991059,-0.259999990463,0.20000000298,"[0.0, 0.0, 0.0, 0.0, 0.0, 0.0, 0.0, 0.0, 0.0]"
1612714825765240722,,3403,,0,0,'',,-0.0584106445312,0.617858886719,-0.573608398438,0.53466796875,"[0.0, 0.0, 0.0, 0.0, 0.0, 0.0, 0.0, 0.0, 0.0]",,14.625,-25.875,4.5,"[0.0, 0.0, 0.0, 0.0, 0.0, 0.0, 0.0, 0.0, 0.0]",,0.070000000298,-0.239999994636,0.0,"[0.0, 0.0, 0.0, 0.0, 0.0, 0.0, 0.0, 0.0, 0.0]"
1612714825826716956,,3404,,0,0,'',,-0.0585327148438,0.612548828125,-0.577514648438,0.536437988281,"[0.0, 0.0, 0.0, 0.0, 0.0, 0.0, 0.0, 0.0, 0.0]",,4.5625,-10.625,-3.0625,"[0.0, 0.0, 0.0, 0.0, 0.0, 0.0, 0.0, 0.0, 0.0]",,0.0799999982119,0.0299999993294,0.870000004768,"[0.0, 0.0, 0.0, 0.0, 0.0, 0.0, 0.0, 0.0, 0.0]"
1612714825885426250,,3405,,0,0,'',,-0.0641479492188,0.605407714844,-0.578369140625,0.543029785156,"[0.0, 0.0, 0.0, 0.0, 0.0, 0.0, 0.0, 0.0, 0.0]",,2.6875,-16.375,5.75,"[0.0, 0.0, 0.0, 0.0, 0.0, 0.0, 0.0, 0.0, 0.0]",,-1.49000000954,-0.77999997139,-0.759999990463,"[0.0, 0.0, 0.0, 0.0, 0.0, 0.0, 0.0, 0.0, 0.0]"
1612714825952697184,,3406,,0,0,'',,-0.067626953125,0.5947265625,-0.575988769531,0.556762695312,"[0.0, 0.0, 0.0, 0.0, 0.0, 0.0, 0.0, 0.0, 0.0]",,7.5625,-28.0,14.375,"[0.0, 0.0, 0.0, 0.0, 0.0, 0.0, 0.0, 0.0, 0.0]",,0.259999990463,0.389999985695,-0.20000000298,"[0.0, 0.0, 0.0, 0.0, 0.0, 0.0, 0.0, 0.0, 0.0]"
1612714826001466983,,3407,,0,0,'',,-0.0730590820312,0.595031738281,-0.571228027344,0.560668945312,"[0.0, 0.0, 0.0, 0.0, 0.0, 0.0, 0.0, 0.0, 0.0]",,-24.4375,0.25,-3.4375,"[0.0, 0.0, 0.0, 0.0, 0.0, 0.0, 0.0, 0.0, 0.0]",,-0.0399999991059,0.170000001788,-0.170000001788,"[0.0, 0.0, 0.0, 0.0, 0.0, 0.0, 0.0, 0.0, 0.0]"
1612714826064227295,,3408,,0,0,'',,-0.0775146484375,0.603576660156,-0.563659667969,0.558532714844,"[0.0, 0.0, 0.0, 0.0, 0.0, 0.0, 0.0, 0.0, 0.0]",,-23.75,2.5625,13.6875,"[0.0, 0.0, 0.0, 0.0, 0.0, 0.0, 0.0, 0.0, 0.0]",,-0.430000007153,-0.360000014305,-0.409999996424,"[0.0, 0.0, 0.0, 0.0, 0.0, 0.0, 0.0, 0.0, 0.0]"
1612714826122686846,,3409,,0,0,'',,-0.0811157226562,0.611694335938,-0.556091308594,0.556762695312,"[0.0, 0.0, 0.0, 0.0, 0.0, 0.0, 0.0, 0.0, 0.0]",,-22.9375,24.0,-4.625,"[0.0, 0.0, 0.0, 0.0, 0.0, 0.0, 0.0, 0.0, 0.0]",,-0.579999983311,-0.340000003576,0.180000007153,"[0.0, 0.0, 0.0, 0.0, 0.0, 0.0, 0.0, 0.0, 0.0]"
1612714826172216883,,3410,,0,0,'',,-0.0817260742188,0.61669921875,-0.553039550781,0.55419921875,"[0.0, 0.0, 0.0, 0.0, 0.0, 0.0, 0.0, 0.0, 0.0]",,4.6875,-11.9375,-0.9375,"[0.0, 0.0, 0.0, 0.0, 0.0, 0.0, 0.0, 0.0, 0.0]",,-0.259999990463,-0.180000007153,0.870000004768,"[0.0, 0.0, 0.0, 0.0, 0.0, 0.0, 0.0, 0.0, 0.0]"
1612714826228747838,,3411,,0,0,'',,-0.0867919921875,0.611694335938,-0.55224609375,0.559753417969,"[0.0, 0.0, 0.0, 0.0, 0.0, 0.0, 0.0, 0.0, 0.0]",,-0.125,-23.3125,-0.3125,"[0.0, 0.0, 0.0, 0.0, 0.0, 0.0, 0.0, 0.0, 0.0]",,-0.449999988079,-0.469999998808,0.0799999982119,"[0.0, 0.0, 0.0, 0.0, 0.0, 0.0, 0.0, 0.0, 0.0]"
1612714826297112279,,3412,,0,0,'',,-0.09228515625,0.603210449219,-0.552001953125,0.568237304688,"[0.0, 0.0, 0.0, 0.0, 0.0, 0.0, 0.0, 0.0, 0.0]",,-0.3125,-18.0625,1.375,"[0.0, 0.0, 0.0, 0.0, 0.0, 0.0, 0.0, 0.0, 0.0]",,0.660000026226,-0.319999992847,-0.330000013113,"[0.0, 0.0, 0.0, 0.0, 0.0, 0.0, 0.0, 0.0, 0.0]"
1612714826336485732,,3413,,0,0,'',,-0.093994140625,0.600280761719,-0.55029296875,0.57275390625,"[0.0, 0.0, 0.0, 0.0, 0.0, 0.0, 0.0, 0.0, 0.0]",,2.1875,-8.5,8.3125,"[0.0, 0.0, 0.0, 0.0, 0.0, 0.0, 0.0, 0.0, 0.0]",,0.140000000596,-0.430000007153,-0.300000011921,"[0.0, 0.0, 0.0, 0.0, 0.0, 0.0, 0.0, 0.0, 0.0]"
1612714826403328795,,3414,,0,0,'',,-0.0922241210938,0.600524902344,-0.548828125,0.57421875,"[0.0, 0.0, 0.0, 0.0, 0.0, 0.0, 0.0, 0.0, 0.0]",,1.0625,2.6875,1.625,"[0.0, 0.0, 0.0, 0.0, 0.0, 0.0, 0.0, 0.0, 0.0]",,-0.0799999982119,0.129999995232,0.15000000596,"[0.0, 0.0, 0.0, 0.0, 0.0, 0.0, 0.0, 0.0, 0.0]"
1612714826450833135,,3415,,0,0,'',,-0.0892944335938,0.601806640625,-0.549499511719,0.572631835938,"[0.0, 0.0, 0.0, 0.0, 0.0, 0.0, 0.0, 0.0, 0.0]",,6.625,9.1875,2.875,"[0.0, 0.0, 0.0, 0.0, 0.0, 0.0, 0.0, 0.0, 0.0]",,-0.460000008345,-0.119999997318,0.159999996424,"[0.0, 0.0, 0.0, 0.0, 0.0, 0.0, 0.0, 0.0, 0.0]"
1612714826524085024,,3416,,0,0,'',,-0.0816040039062,0.600524902344,-0.549987792969,0.574645996094,"[0.0, 0.0, 0.0, 0.0, 0.0, 0.0, 0.0, 0.0, 0.0]",,13.875,-1.875,9.625,"[0.0, 0.0, 0.0, 0.0, 0.0, 0.0, 0.0, 0.0, 0.0]",,2.0,0.569999992847,0.709999978542,"[0.0, 0.0, 0.0, 0.0, 0.0, 0.0, 0.0, 0.0, 0.0]"
1612714826578508277,,3417,,0,0,'',,-0.0767822265625,0.603881835938,-0.551513671875,0.5703125,"[0.0, 0.0, 0.0, 0.0, 0.0, 0.0, 0.0, 0.0, 0.0]",,-2.8125,18.9375,-3.375,"[0.0, 0.0, 0.0, 0.0, 0.0, 0.0, 0.0, 0.0, 0.0]",,-0.34999999404,-0.20000000298,0.119999997318,"[0.0, 0.0, 0.0, 0.0, 0.0, 0.0, 0.0, 0.0, 0.0]"
1612714826639055204,,3418,,0,0,'',,-0.07373046875,0.603942871094,-0.555236816406,0.567077636719,"[0.0, 0.0, 0.0, 0.0, 0.0, 0.0, 0.0, 0.0, 0.0]",,11.625,3.0625,-7.5,"[0.0, 0.0, 0.0, 0.0, 0.0, 0.0, 0.0, 0.0, 0.0]",,0.180000007153,0.860000014305,-0.129999995232,"[0.0, 0.0, 0.0, 0.0, 0.0, 0.0, 0.0, 0.0, 0.0]"
1612714826684883804,,3419,,0,0,'',,-0.071533203125,0.606628417969,-0.557922363281,0.561767578125,"[0.0, 0.0, 0.0, 0.0, 0.0, 0.0, 0.0, 0.0, 0.0]",,3.9375,12.75,-4.3125,"[0.0, 0.0, 0.0, 0.0, 0.0, 0.0, 0.0, 0.0, 0.0]",,-0.759999990463,-0.52999997139,0.180000007153,"[0.0, 0.0, 0.0, 0.0, 0.0, 0.0, 0.0, 0.0, 0.0]"
1612714826740776320,,3420,,0,0,'',,-0.06787109375,0.605102539062,-0.562805175781,0.559020996094,"[0.0, 0.0, 0.0, 0.0, 0.0, 0.0, 0.0, 0.0, 0.0]",,7.875,8.75,-6.4375,"[0.0, 0.0, 0.0, 0.0, 0.0, 0.0, 0.0, 0.0, 0.0]",,-0.0900000035763,0.289999991655,0.230000004172,"[0.0, 0.0, 0.0, 0.0, 0.0, 0.0, 0.0, 0.0, 0.0]"
1612714826796363906,,3421,,0,0,'',,-0.0656127929688,0.606140136719,-0.565002441406,0.555908203125,"[0.0, 0.0, 0.0, 0.0, 0.0, 0.0, 0.0, 0.0, 0.0]",,2.875,9.25,-2.0625,"[0.0, 0.0, 0.0, 0.0, 0.0, 0.0, 0.0, 0.0, 0.0]",,-0.219999998808,-0.0599999986589,0.140000000596,"[0.0, 0.0, 0.0, 0.0, 0.0, 0.0, 0.0, 0.0, 0.0]"
1612714826860877369,,3422,,0,0,'',,-0.0625,0.606262207031,-0.567199707031,0.553894042969,"[0.0, 0.0, 0.0, 0.0, 0.0, 0.0, 0.0, 0.0, 0.0]",,7.125,5.125,-1.4375,"[0.0, 0.0, 0.0, 0.0, 0.0, 0.0, 0.0, 0.0, 0.0]",,-0.280000001192,0.159999996424,-0.0599999986589,"[0.0, 0.0, 0.0, 0.0, 0.0, 0.0, 0.0, 0.0, 0.0]"
1612714826908564212,,3423,,0,0,'',,-0.0590209960938,0.607177734375,-0.568725585938,0.5517578125,"[0.0, 0.0, 0.0, 0.0, 0.0, 0.0, 0.0, 0.0, 0.0]",,5.9375,4.0625,0.4375,"[0.0, 0.0, 0.0, 0.0, 0.0, 0.0, 0.0, 0.0, 0.0]",,-0.209999993443,0.070000000298,-0.019999999553,"[0.0, 0.0, 0.0, 0.0, 0.0, 0.0, 0.0, 0.0, 0.0]"
1612714826973267899,,3424,,0,0,'',,-0.055419921875,0.607055664062,-0.570373535156,0.550537109375,"[0.0, 0.0, 0.0, 0.0, 0.0, 0.0, 0.0, 0.0, 0.0]",,7.125,3.6875,1.5625,"[0.0, 0.0, 0.0, 0.0, 0.0, 0.0, 0.0, 0.0, 0.0]",,-0.159999996424,-0.180000007153,-0.0599999986589,"[0.0, 0.0, 0.0, 0.0, 0.0, 0.0, 0.0, 0.0, 0.0]"
1612714827024758957,,3425,,0,0,'',,-0.0514526367188,0.606323242188,-0.572265625,0.5498046875,"[0.0, 0.0, 0.0, 0.0, 0.0, 0.0, 0.0, 0.0, 0.0]",,6.1875,5.0,1.125,"[0.0, 0.0, 0.0, 0.0, 0.0, 0.0, 0.0, 0.0, 0.0]",,0.070000000298,-0.00999999977648,0.0399999991059,"[0.0, 0.0, 0.0, 0.0, 0.0, 0.0, 0.0, 0.0, 0.0]"
1612714827080506154,,3426,,0,0,'',,-0.0490112304688,0.606079101562,-0.573364257812,0.549133300781,"[0.0, 0.0, 0.0, 0.0, 0.0, 0.0, 0.0, 0.0, 0.0]",,4.25,3.6875,1.5,"[0.0, 0.0, 0.0, 0.0, 0.0, 0.0, 0.0, 0.0, 0.0]",,0.10000000149,-0.0500000007451,-0.0399999991059,"[0.0, 0.0, 0.0, 0.0, 0.0, 0.0, 0.0, 0.0, 0.0]"
1612714827142619705,,3427,,0,0,'',,-0.0467529296875,0.606140136719,-0.57421875,0.54833984375,"[0.0, 0.0, 0.0, 0.0, 0.0, 0.0, 0.0, 0.0, 0.0]",,1.75,3.3125,1.8125,"[0.0, 0.0, 0.0, 0.0, 0.0, 0.0, 0.0, 0.0, 0.0]",,-0.209999993443,-0.0799999982119,0.15000000596,"[0.0, 0.0, 0.0, 0.0, 0.0, 0.0, 0.0, 0.0, 0.0]"
1612714827186057934,,3428,,0,0,'',,-0.0466918945312,0.605651855469,-0.57470703125,0.548400878906,"[0.0, 0.0, 0.0, 0.0, 0.0, 0.0, 0.0, 0.0, 0.0]",,0.75,1.0625,-1.1875,"[0.0, 0.0, 0.0, 0.0, 0.0, 0.0, 0.0, 0.0, 0.0]",,-0.10000000149,-0.10000000149,0.140000000596,"[0.0, 0.0, 0.0, 0.0, 0.0, 0.0, 0.0, 0.0, 0.0]"
1612714827254334021,,3429,,0,0,'',,-0.0464477539062,0.604675292969,-0.575561523438,0.548583984375,"[0.0, 0.0, 0.0, 0.0, 0.0, 0.0, 0.0, 0.0, 0.0]",,3.5625,-4.25,-3.5,"[0.0, 0.0, 0.0, 0.0, 0.0, 0.0, 0.0, 0.0, 0.0]",,0.109999999404,0.00999999977648,-0.10000000149,"[0.0, 0.0, 0.0, 0.0, 0.0, 0.0, 0.0, 0.0, 0.0]"
1612714827306187114,,3430,,0,0,'',,-0.0477294921875,0.604309082031,-0.576782226562,0.547546386719,"[0.0, 0.0, 0.0, 0.0, 0.0, 0.0, 0.0, 0.0, 0.0]",,0.25,1.6875,-4.25,"[0.0, 0.0, 0.0, 0.0, 0.0, 0.0, 0.0, 0.0, 0.0]",,-0.209999993443,-0.219999998808,0.00999999977648,"[0.0, 0.0, 0.0, 0.0, 0.0, 0.0, 0.0, 0.0, 0.0]"
1612714827366597572,,3431,,0,0,'',,-0.0487670898438,0.604187011719,-0.578491210938,0.545837402344,"[0.0, 0.0, 0.0, 0.0, 0.0, 0.0, 0.0, 0.0, 0.0]",,0.0,4.375,-5.625,"[0.0, 0.0, 0.0, 0.0, 0.0, 0.0, 0.0, 0.0, 0.0]",,0.119999997318,0.10000000149,0.00999999977648,"[0.0, 0.0, 0.0, 0.0, 0.0, 0.0, 0.0, 0.0, 0.0]"
1612714827425485225,,3432,,0,0,'',,-0.0491333007812,0.605529785156,-0.579711914062,0.543029785156,"[0.0, 0.0, 0.0, 0.0, 0.0, 0.0, 0.0, 0.0, 0.0]",,-0.25,5.4375,-2.25,"[0.0, 0.0, 0.0, 0.0, 0.0, 0.0, 0.0, 0.0, 0.0]",,-0.340000003576,0.109999999404,-0.0500000007451,"[0.0, 0.0, 0.0, 0.0, 0.0, 0.0, 0.0, 0.0, 0.0]"
1612714827480923977,,3433,,0,0,'',,-0.04931640625,0.606872558594,-0.581420898438,0.539611816406,"[0.0, 0.0, 0.0, 0.0, 0.0, 0.0, 0.0, 0.0, 0.0]",,-1.125,10.1875,-5.9375,"[0.0, 0.0, 0.0, 0.0, 0.0, 0.0, 0.0, 0.0, 0.0]",,-0.449999988079,0.709999978542,0.490000009537,"[0.0, 0.0, 0.0, 0.0, 0.0, 0.0, 0.0, 0.0, 0.0]"
1612714827545377532,,3434,,0,0,'',,-0.0498046875,0.608581542969,-0.581848144531,0.537170410156,"[0.0, 0.0, 0.0, 0.0, 0.0, 0.0, 0.0, 0.0, 0.0]",,2.9375,0.1875,0.9375,"[0.0, 0.0, 0.0, 0.0, 0.0, 0.0, 0.0, 0.0, 0.0]",,-0.379999995232,-0.019999999553,0.300000011921,"[0.0, 0.0, 0.0, 0.0, 0.0, 0.0, 0.0, 0.0, 0.0]"
1612714827605132555,,3435,,0,0,'',,-0.044921875,0.608459472656,-0.583923339844,0.535522460938,"[0.0, 0.0, 0.0, 0.0, 0.0, 0.0, 0.0, 0.0, 0.0]",,2.75,-1.75,3.0,"[0.0, 0.0, 0.0, 0.0, 0.0, 0.0, 0.0, 0.0, 0.0]",,-1.04999995232,0.5,1.09000003338,"[0.0, 0.0, 0.0, 0.0, 0.0, 0.0, 0.0, 0.0, 0.0]"
1612714827658724654,,3436,,0,0,'',,-0.0452270507812,0.607177734375,-0.582214355469,0.538818359375,"[0.0, 0.0, 0.0, 0.0, 0.0, 0.0, 0.0, 0.0, 0.0]",,-0.6875,-3.25,2.6875,"[0.0, 0.0, 0.0, 0.0, 0.0, 0.0, 0.0, 0.0, 0.0]",,-0.019999999553,-1.24000000954,0.300000011921,"[0.0, 0.0, 0.0, 0.0, 0.0, 0.0, 0.0, 0.0, 0.0]"
1612714827719290928,,3437,,0,0,'',,-0.0486450195312,0.605224609375,-0.582397460938,0.54052734375,"[0.0, 0.0, 0.0, 0.0, 0.0, 0.0, 0.0, 0.0, 0.0]",,-3.875,-11.6875,-1.5,"[0.0, 0.0, 0.0, 0.0, 0.0, 0.0, 0.0, 0.0, 0.0]",,-0.129999995232,0.0299999993294,0.119999997318,"[0.0, 0.0, 0.0, 0.0, 0.0, 0.0, 0.0, 0.0, 0.0]"
1612714827775933289,,3438,,0,0,'',,-0.0515747070312,0.603942871094,-0.581359863281,0.542785644531,"[0.0, 0.0, 0.0, 0.0, 0.0, 0.0, 0.0, 0.0, 0.0]",,0.0625,-5.6875,-0.875,"[0.0, 0.0, 0.0, 0.0, 0.0, 0.0, 0.0, 0.0, 0.0]",,-0.340000003576,-0.159999996424,0.259999990463,"[0.0, 0.0, 0.0, 0.0, 0.0, 0.0, 0.0, 0.0, 0.0]"
1612714827836577780,,3439,,0,0,'',,-0.0538940429688,0.601501464844,-0.582153320312,0.54443359375,"[0.0, 0.0, 0.0, 0.0, 0.0, 0.0, 0.0, 0.0, 0.0]",,1.8125,-4.9375,-3.5625,"[0.0, 0.0, 0.0, 0.0, 0.0, 0.0, 0.0, 0.0, 0.0]",,0.239999994636,-0.140000000596,-0.180000007153,"[0.0, 0.0, 0.0, 0.0, 0.0, 0.0, 0.0, 0.0, 0.0]"
1612714827897149029,,3440,,0,0,'',,-0.0546875,0.600280761719,-0.583557128906,0.544189453125,"[0.0, 0.0, 0.0, 0.0, 0.0, 0.0, 0.0, 0.0, 0.0]",,1.375,2.875,-1.4375,"[0.0, 0.0, 0.0, 0.0, 0.0, 0.0, 0.0, 0.0, 0.0]",,0.0900000035763,0.10000000149,0.0799999982119,"[0.0, 0.0, 0.0, 0.0, 0.0, 0.0, 0.0, 0.0, 0.0]"
1612714827945923445,,3441,,0,0,'',,-0.0546264648438,0.600158691406,-0.584106445312,0.543701171875,"[0.0, 0.0, 0.0, 0.0, 0.0, 0.0, 0.0, 0.0, 0.0]",,1.1875,-0.125,-0.8125,"[0.0, 0.0, 0.0, 0.0, 0.0, 0.0, 0.0, 0.0, 0.0]",,-0.20000000298,0.0799999982119,-0.0299999993294,"[0.0, 0.0, 0.0, 0.0, 0.0, 0.0, 0.0, 0.0, 0.0]"
1612714828002595884,,3442,,0,0,'',,-0.0557250976562,0.599426269531,-0.583435058594,0.545166015625,"[0.0, 0.0, 0.0, 0.0, 0.0, 0.0, 0.0, 0.0, 0.0]",,-0.8125,-5.0,0.1875,"[0.0, 0.0, 0.0, 0.0, 0.0, 0.0, 0.0, 0.0, 0.0]",,0.460000008345,0.180000007153,-0.170000001788,"[0.0, 0.0, 0.0, 0.0, 0.0, 0.0, 0.0, 0.0, 0.0]"
1612714828067099319,,3443,,0,0,'',,-0.0568237304688,0.59912109375,-0.583251953125,0.545593261719,"[0.0, 0.0, 0.0, 0.0, 0.0, 0.0, 0.0, 0.0, 0.0]",,-0.4375,3.0625,-1.1875,"[0.0, 0.0, 0.0, 0.0, 0.0, 0.0, 0.0, 0.0, 0.0]",,-0.0399999991059,0.25,-0.180000007153,"[0.0, 0.0, 0.0, 0.0, 0.0, 0.0, 0.0, 0.0, 0.0]"
1612714828117896019,,3444,,0,0,'',,-0.056884765625,0.599609375,-0.583251953125,0.544982910156,"[0.0, 0.0, 0.0, 0.0, 0.0, 0.0, 0.0, 0.0, 0.0]",,-1.9375,0.6875,-1.0625,"[0.0, 0.0, 0.0, 0.0, 0.0, 0.0, 0.0, 0.0, 0.0]",,-0.019999999553,-0.119999997318,-0.0799999982119,"[0.0, 0.0, 0.0, 0.0, 0.0, 0.0, 0.0, 0.0, 0.0]"
1612714828168158292,,3445,,0,0,'',,-0.0573120117188,0.601867675781,-0.582702636719,0.543029785156,"[0.0, 0.0, 0.0, 0.0, 0.0, 0.0, 0.0, 0.0, 0.0]",,-4.625,6.25,-1.5625,"[0.0, 0.0, 0.0, 0.0, 0.0, 0.0, 0.0, 0.0, 0.0]",,-0.0799999982119,-0.340000003576,0.159999996424,"[0.0, 0.0, 0.0, 0.0, 0.0, 0.0, 0.0, 0.0, 0.0]"
1612714828239954354,,3446,,0,0,'',,-0.0601806640625,0.599609375,-0.583129882812,0.544799804688,"[0.0, 0.0, 0.0, 0.0, 0.0, 0.0, 0.0, 0.0, 0.0]",,4.5625,-24.125,1.4375,"[0.0, 0.0, 0.0, 0.0, 0.0, 0.0, 0.0, 0.0, 0.0]",,-0.610000014305,1.52999997139,-0.289999991655,"[0.0, 0.0, 0.0, 0.0, 0.0, 0.0, 0.0, 0.0, 0.0]"
1612714828298733887,,3447,,0,0,'',,-0.0633544921875,0.596252441406,-0.58154296875,0.549743652344,"[0.0, 0.0, 0.0, 0.0, 0.0, 0.0, 0.0, 0.0, 0.0]",,-4.8125,-21.4375,5.0,"[0.0, 0.0, 0.0, 0.0, 0.0, 0.0, 0.0, 0.0, 0.0]",,0.569999992847,-1.37999999523,0.189999997616,"[0.0, 0.0, 0.0, 0.0, 0.0, 0.0, 0.0, 0.0, 0.0]"
1612714828360141195,,3448,,0,0,'',,-0.0629272460938,0.596496582031,-0.580200195312,0.550964355469,"[0.0, 0.0, 0.0, 0.0, 0.0, 0.0, 0.0, 0.0, 0.0]",,-4.125,11.4375,-1.1875,"[0.0, 0.0, 0.0, 0.0, 0.0, 0.0, 0.0, 0.0, 0.0]",,-0.209999993443,0.119999997318,0.20000000298,"[0.0, 0.0, 0.0, 0.0, 0.0, 0.0, 0.0, 0.0, 0.0]"
1612714828401066745,,3449,,0,0,'',,-0.0606689453125,0.598327636719,-0.580261230469,0.549194335938,"[0.0, 0.0, 0.0, 0.0, 0.0, 0.0, 0.0, 0.0, 0.0]",,5.8125,0.0625,3.9375,"[0.0, 0.0, 0.0, 0.0, 0.0, 0.0, 0.0, 0.0, 0.0]",,-0.280000001192,-0.310000002384,0.15000000596,"[0.0, 0.0, 0.0, 0.0, 0.0, 0.0, 0.0, 0.0, 0.0]"
1612714828462641827,,3450,,0,0,'',,-0.0588989257812,0.597534179688,-0.580322265625,0.550231933594,"[0.0, 0.0, 0.0, 0.0, 0.0, 0.0, 0.0, 0.0, 0.0]",,0.3125,2.25,2.5625,"[0.0, 0.0, 0.0, 0.0, 0.0, 0.0, 0.0, 0.0, 0.0]",,-0.10000000149,-0.370000004768,0.0399999991059,"[0.0, 0.0, 0.0, 0.0, 0.0, 0.0, 0.0, 0.0, 0.0]"
1612714828523194928,,3451,,0,0,'',,-0.0572509765625,0.596862792969,-0.580322265625,0.551086425781,"[0.0, 0.0, 0.0, 0.0, 0.0, 0.0, 0.0, 0.0, 0.0]",,1.5625,-0.1875,2.4375,"[0.0, 0.0, 0.0, 0.0, 0.0, 0.0, 0.0, 0.0, 0.0]",,-0.019999999553,0.180000007153,-0.019999999553,"[0.0, 0.0, 0.0, 0.0, 0.0, 0.0, 0.0, 0.0, 0.0]"
1612714828579842424,,3452,,0,0,'',,-0.055908203125,0.596923828125,-0.579650878906,0.551879882812,"[0.0, 0.0, 0.0, 0.0, 0.0, 0.0, 0.0, 0.0, 0.0]",,-1.0625,1.25,4.375,"[0.0, 0.0, 0.0, 0.0, 0.0, 0.0, 0.0, 0.0, 0.0]",,0.280000001192,0.20000000298,-0.15000000596,"[0.0, 0.0, 0.0, 0.0, 0.0, 0.0, 0.0, 0.0, 0.0]"
1612714828644335573,,3453,,0,0,'',,-0.054931640625,0.597473144531,-0.578796386719,0.552307128906,"[0.0, 0.0, 0.0, 0.0, 0.0, 0.0, 0.0, 0.0, 0.0]",,-1.0,-1.0625,1.5625,"[0.0, 0.0, 0.0, 0.0, 0.0, 0.0, 0.0, 0.0, 0.0]",,0.0500000007451,-0.189999997616,-0.219999998808,"[0.0, 0.0, 0.0, 0.0, 0.0, 0.0, 0.0, 0.0, 0.0]"
1612714828694687261,,3454,,0,0,'',,-0.0512084960938,0.600158691406,-0.578430175781,0.550109863281,"[0.0, 0.0, 0.0, 0.0, 0.0, 0.0, 0.0, 0.0, 0.0]",,3.0625,24.0625,-11.5,"[0.0, 0.0, 0.0, 0.0, 0.0, 0.0, 0.0, 0.0, 0.0]",,0.819999992847,-1.49000000954,1.14999997616,"[0.0, 0.0, 0.0, 0.0, 0.0, 0.0, 0.0, 0.0, 0.0]"
1612714828745787388,,3455,,0,0,'',,-0.0523071289062,0.599487304688,-0.580688476562,0.54833984375,"[0.0, 0.0, 0.0, 0.0, 0.0, 0.0, 0.0, 0.0, 0.0]",,0.375,0.0625,-1.3125,"[0.0, 0.0, 0.0, 0.0, 0.0, 0.0, 0.0, 0.0, 0.0]",,-0.270000010729,-0.610000014305,0.540000021458,"[0.0, 0.0, 0.0, 0.0, 0.0, 0.0, 0.0, 0.0, 0.0]"
1612714828816428862,,3456,,0,0,'',,-0.0534057617188,0.599609375,-0.580627441406,0.548156738281,"[0.0, 0.0, 0.0, 0.0, 0.0, 0.0, 0.0, 0.0, 0.0]",,0.5,-1.375,-2.5,"[0.0, 0.0, 0.0, 0.0, 0.0, 0.0, 0.0, 0.0, 0.0]",,0.019999999553,-0.270000010729,0.0399999991059,"[0.0, 0.0, 0.0, 0.0, 0.0, 0.0, 0.0, 0.0, 0.0]"
1612714828865619233,,3457,,0,0,'',,-0.052978515625,0.599365234375,-0.581481933594,0.547607421875,"[0.0, 0.0, 0.0, 0.0, 0.0, 0.0, 0.0, 0.0, 0.0]",,-0.125,4.125,-0.6875,"[0.0, 0.0, 0.0, 0.0, 0.0, 0.0, 0.0, 0.0, 0.0]",,-0.310000002384,-0.0399999991059,0.00999999977648,"[0.0, 0.0, 0.0, 0.0, 0.0, 0.0, 0.0, 0.0, 0.0]"
1612714828918540798,,3458,,0,0,'',,-0.0529174804688,0.599548339844,-0.582275390625,0.546569824219,"[0.0, 0.0, 0.0, 0.0, 0.0, 0.0, 0.0, 0.0, 0.0]",,2.375,1.8125,-2.75,"[0.0, 0.0, 0.0, 0.0, 0.0, 0.0, 0.0, 0.0, 0.0]",,-0.379999995232,-0.209999993443,0.319999992847,"[0.0, 0.0, 0.0, 0.0, 0.0, 0.0, 0.0, 0.0, 0.0]"
1612714828973024175,,3459,,0,0,'',,-0.0518188476562,0.598205566406,-0.583251953125,0.547058105469,"[0.0, 0.0, 0.0, 0.0, 0.0, 0.0, 0.0, 0.0, 0.0]",,2.125,-1.5625,0.375,"[0.0, 0.0, 0.0, 0.0, 0.0, 0.0, 0.0, 0.0, 0.0]",,0.189999997616,0.109999999404,0.0900000035763,"[0.0, 0.0, 0.0, 0.0, 0.0, 0.0, 0.0, 0.0, 0.0]"
1612714829039466058,,3460,,0,0,'',,-0.0518798828125,0.599060058594,-0.583740234375,0.545593261719,"[0.0, 0.0, 0.0, 0.0, 0.0, 0.0, 0.0, 0.0, 0.0]",,-1.8125,6.0,-1.375,"[0.0, 0.0, 0.0, 0.0, 0.0, 0.0, 0.0, 0.0, 0.0]",,0.00999999977648,-0.270000010729,0.070000000298,"[0.0, 0.0, 0.0, 0.0, 0.0, 0.0, 0.0, 0.0, 0.0]"
1612714829088276484,,3461,,0,0,'',,-0.0501098632812,0.599670410156,-0.58349609375,0.54541015625,"[0.0, 0.0, 0.0, 0.0, 0.0, 0.0, 0.0, 0.0, 0.0]",,-1.75,3.3125,2.0,"[0.0, 0.0, 0.0, 0.0, 0.0, 0.0, 0.0, 0.0, 0.0]",,0.280000001192,0.370000004768,-0.180000007153,"[0.0, 0.0, 0.0, 0.0, 0.0, 0.0, 0.0, 0.0, 0.0]"
1612714829139555889,,3462,,0,0,'',,-0.0488891601562,0.603820800781,-0.581726074219,0.542785644531,"[0.0, 0.0, 0.0, 0.0, 0.0, 0.0, 0.0, 0.0, 0.0]",,-0.1875,5.0625,-0.875,"[0.0, 0.0, 0.0, 0.0, 0.0, 0.0, 0.0, 0.0, 0.0]",,-0.409999996424,-0.00999999977648,0.119999997318,"[0.0, 0.0, 0.0, 0.0, 0.0, 0.0, 0.0, 0.0, 0.0]"
1612714829202664425,,3463,,0,0,'',,-0.0484008789062,0.605834960938,-0.581726074219,0.54052734375,"[0.0, 0.0, 0.0, 0.0, 0.0, 0.0, 0.0, 0.0, 0.0]",,-4.25,9.5625,-2.1875,"[0.0, 0.0, 0.0, 0.0, 0.0, 0.0, 0.0, 0.0, 0.0]",,0.10000000149,-0.600000023842,0.170000001788,"[0.0, 0.0, 0.0, 0.0, 0.0, 0.0, 0.0, 0.0, 0.0]"
1612714829267569965,,3464,,0,0,'',,-0.0481567382812,0.6064453125,-0.582458496094,0.539123535156,"[0.0, 0.0, 0.0, 0.0, 0.0, 0.0, 0.0, 0.0, 0.0]",,6.6875,-1.3125,-2.25,"[0.0, 0.0, 0.0, 0.0, 0.0, 0.0, 0.0, 0.0, 0.0]",,-0.460000008345,0.259999990463,0.00999999977648,"[0.0, 0.0, 0.0, 0.0, 0.0, 0.0, 0.0, 0.0, 0.0]"
1612714829318876347,,3465,,0,0,'',,-0.0479125976562,0.606140136719,-0.582885742188,0.5390625,"[0.0, 0.0, 0.0, 0.0, 0.0, 0.0, 0.0, 0.0, 0.0]",,-1.0,-5.375,-1.125,"[0.0, 0.0, 0.0, 0.0, 0.0, 0.0, 0.0, 0.0, 0.0]",,-0.289999991655,0.140000000596,0.209999993443,"[0.0, 0.0, 0.0, 0.0, 0.0, 0.0, 0.0, 0.0, 0.0]"
1612714829365743726,,3466,,0,0,'',,-0.0511474609375,0.604431152344,-0.583679199219,0.539733886719,"[0.0, 0.0, 0.0, 0.0, 0.0, 0.0, 0.0, 0.0, 0.0]",,0.125,5.6875,-7.0625,"[0.0, 0.0, 0.0, 0.0, 0.0, 0.0, 0.0, 0.0, 0.0]",,0.270000010729,-0.310000002384,-0.180000007153,"[0.0, 0.0, 0.0, 0.0, 0.0, 0.0, 0.0, 0.0, 0.0]"
1612714829426562776,,3467,,0,0,'',,-0.0496215820312,0.605651855469,-0.587097167969,0.534851074219,"[0.0, 0.0, 0.0, 0.0, 0.0, 0.0, 0.0, 0.0, 0.0]",,2.0625,8.3125,-6.125,"[0.0, 0.0, 0.0, 0.0, 0.0, 0.0, 0.0, 0.0, 0.0]",,-0.990000009537,0.280000001192,0.239999994636,"[0.0, 0.0, 0.0, 0.0, 0.0, 0.0, 0.0, 0.0, 0.0]"
1612714829496982483,,3468,,0,0,'',,-0.0530395507812,0.604736328125,-0.587097167969,0.535583496094,"[0.0, 0.0, 0.0, 0.0, 0.0, 0.0, 0.0, 0.0, 0.0]",,-2.125,-1.125,-3.5625,"[0.0, 0.0, 0.0, 0.0, 0.0, 0.0, 0.0, 0.0, 0.0]",,0.189999997616,-0.519999980927,0.0,"[0.0, 0.0, 0.0, 0.0, 0.0, 0.0, 0.0, 0.0, 0.0]"
1612714829550314438,,3469,,0,0,'',,-0.0529174804688,0.60546875,-0.588562011719,0.533081054688,"[0.0, 0.0, 0.0, 0.0, 0.0, 0.0, 0.0, 0.0, 0.0]",,1.3125,-1.9375,-4.75,"[0.0, 0.0, 0.0, 0.0, 0.0, 0.0, 0.0, 0.0, 0.0]",,-0.230000004172,0.479999989271,-0.019999999553,"[0.0, 0.0, 0.0, 0.0, 0.0, 0.0, 0.0, 0.0, 0.0]"
1612714829614130288,,3470,,0,0,'',,-0.0518798828125,0.606384277344,-0.589233398438,0.531372070312,"[0.0, 0.0, 0.0, 0.0, 0.0, 0.0, 0.0, 0.0, 0.0]",,-0.1875,9.0,-4.8125,"[0.0, 0.0, 0.0, 0.0, 0.0, 0.0, 0.0, 0.0, 0.0]",,-0.560000002384,-0.159999996424,0.389999985695,"[0.0, 0.0, 0.0, 0.0, 0.0, 0.0, 0.0, 0.0, 0.0]"
1612714829669546934,,3471,,0,0,'',,-0.0491943359375,0.60888671875,-0.591491699219,0.526306152344,"[0.0, 0.0, 0.0, 0.0, 0.0, 0.0, 0.0, 0.0, 0.0]",,3.3125,12.25,-7.375,"[0.0, 0.0, 0.0, 0.0, 0.0, 0.0, 0.0, 0.0, 0.0]",,-0.579999983311,-0.159999996424,0.930000007153,"[0.0, 0.0, 0.0, 0.0, 0.0, 0.0, 0.0, 0.0, 0.0]"
1612714829718339395,,3472,,0,0,'',,-0.0528564453125,0.609313964844,-0.58984375,0.527282714844,"[0.0, 0.0, 0.0, 0.0, 0.0, 0.0, 0.0, 0.0, 0.0]",,-8.25,-19.0,1.875,"[0.0, 0.0, 0.0, 0.0, 0.0, 0.0, 0.0, 0.0, 0.0]",,-0.340000003576,-0.170000001788,-0.00999999977648,"[0.0, 0.0, 0.0, 0.0, 0.0, 0.0, 0.0, 0.0, 0.0]"
1612714829770308355,,3473,,0,0,'',,-0.0577392578125,0.606811523438,-0.587890625,0.531799316406,"[0.0, 0.0, 0.0, 0.0, 0.0, 0.0, 0.0, 0.0, 0.0]",,-2.25,-8.625,1.25,"[0.0, 0.0, 0.0, 0.0, 0.0, 0.0, 0.0, 0.0, 0.0]",,0.289999991655,-0.0599999986589,-0.289999991655,"[0.0, 0.0, 0.0, 0.0, 0.0, 0.0, 0.0, 0.0, 0.0]"
1612714829832621755,,3474,,0,0,'',,-0.0585327148438,0.606323242188,-0.586791992188,0.533508300781,"[0.0, 0.0, 0.0, 0.0, 0.0, 0.0, 0.0, 0.0, 0.0]",,0.6875,-6.125,3.5625,"[0.0, 0.0, 0.0, 0.0, 0.0, 0.0, 0.0, 0.0, 0.0]",,0.360000014305,-0.189999997616,-0.159999996424,"[0.0, 0.0, 0.0, 0.0, 0.0, 0.0, 0.0, 0.0, 0.0]"
1612714829883419596,,3475,,0,0,'',,-0.0578002929688,0.606201171875,-0.586975097656,0.533569335938,"[0.0, 0.0, 0.0, 0.0, 0.0, 0.0, 0.0, 0.0, 0.0]",,0.25,3.5625,-0.4375,"[0.0, 0.0, 0.0, 0.0, 0.0, 0.0, 0.0, 0.0, 0.0]",,-0.360000014305,-0.0900000035763,0.129999995232,"[0.0, 0.0, 0.0, 0.0, 0.0, 0.0, 0.0, 0.0, 0.0]"
1612714829948297683,,3476,,0,0,'',,-0.0578002929688,0.606201171875,-0.586975097656,0.533508300781,"[0.0, 0.0, 0.0, 0.0, 0.0, 0.0, 0.0, 0.0, 0.0]",,-0.5,-1.8125,-0.375,"[0.0, 0.0, 0.0, 0.0, 0.0, 0.0, 0.0, 0.0, 0.0]",,0.419999986887,-0.0399999991059,0.019999999553,"[0.0, 0.0, 0.0, 0.0, 0.0, 0.0, 0.0, 0.0, 0.0]"
1612714830001078147,,3477,,0,0,'',,-0.0574340820312,0.606872558594,-0.587341308594,0.532409667969,"[0.0, 0.0, 0.0, 0.0, 0.0, 0.0, 0.0, 0.0, 0.0]",,-1.0625,5.9375,-2.125,"[0.0, 0.0, 0.0, 0.0, 0.0, 0.0, 0.0, 0.0, 0.0]",,-0.20000000298,-0.0399999991059,0.0,"[0.0, 0.0, 0.0, 0.0, 0.0, 0.0, 0.0, 0.0, 0.0]"
1612714830064640193,,3478,,0,0,'',,-0.05810546875,0.60693359375,-0.587890625,0.531616210938,"[0.0, 0.0, 0.0, 0.0, 0.0, 0.0, 0.0, 0.0, 0.0]",,-0.375,-6.625,-4.4375,"[0.0, 0.0, 0.0, 0.0, 0.0, 0.0, 0.0, 0.0, 0.0]",,0.389999985695,-0.119999997318,0.0399999991059,"[0.0, 0.0, 0.0, 0.0, 0.0, 0.0, 0.0, 0.0, 0.0]"
1612714830119274547,,3479,,0,0,'',,-0.0606079101562,0.606506347656,-0.587768554688,0.531982421875,"[0.0, 0.0, 0.0, 0.0, 0.0, 0.0, 0.0, 0.0, 0.0]",,-3.0625,1.75,1.4375,"[0.0, 0.0, 0.0, 0.0, 0.0, 0.0, 0.0, 0.0, 0.0]",,-0.340000003576,2.06999993324,0.920000016689,"[0.0, 0.0, 0.0, 0.0, 0.0, 0.0, 0.0, 0.0, 0.0]"
1612714830179202319,,3480,,0,0,'',,-0.0608520507812,0.607238769531,-0.589050292969,0.529663085938,"[0.0, 0.0, 0.0, 0.0, 0.0, 0.0, 0.0, 0.0, 0.0]",,-0.9375,-4.1875,-3.8125,"[0.0, 0.0, 0.0, 0.0, 0.0, 0.0, 0.0, 0.0, 0.0]",,-0.25,-0.25,0.340000003576,"[0.0, 0.0, 0.0, 0.0, 0.0, 0.0, 0.0, 0.0, 0.0]"
1612714830232579182,,3481,,0,0,'',,-0.0617065429688,0.607299804688,-0.589721679688,0.528686523438,"[0.0, 0.0, 0.0, 0.0, 0.0, 0.0, 0.0, 0.0, 0.0]",,-0.1875,2.4375,-2.5625,"[0.0, 0.0, 0.0, 0.0, 0.0, 0.0, 0.0, 0.0, 0.0]",,-0.360000014305,-0.180000007153,0.109999999404,"[0.0, 0.0, 0.0, 0.0, 0.0, 0.0, 0.0, 0.0, 0.0]"
1612714830305489451,,3482,,0,0,'',,-0.0615844726562,0.607482910156,-0.590148925781,0.528076171875,"[0.0, 0.0, 0.0, 0.0, 0.0, 0.0, 0.0, 0.0, 0.0]",,2.4375,-0.3125,1.0625,"[0.0, 0.0, 0.0, 0.0, 0.0, 0.0, 0.0, 0.0, 0.0]",,-0.0799999982119,-0.019999999553,0.15000000596,"[0.0, 0.0, 0.0, 0.0, 0.0, 0.0, 0.0, 0.0, 0.0]"
1612714830356204358,,3483,,0,0,'',,-0.0606689453125,0.60693359375,-0.5908203125,0.528076171875,"[0.0, 0.0, 0.0, 0.0, 0.0, 0.0, 0.0, 0.0, 0.0]",,0.0,-1.125,-0.75,"[0.0, 0.0, 0.0, 0.0, 0.0, 0.0, 0.0, 0.0, 0.0]",,-0.340000003576,0.0500000007451,0.170000001788,"[0.0, 0.0, 0.0, 0.0, 0.0, 0.0, 0.0, 0.0, 0.0]"
1612714830418767129,,3484,,0,0,'',,-0.0599975585938,0.606567382812,-0.5908203125,0.528564453125,"[0.0, 0.0, 0.0, 0.0, 0.0, 0.0, 0.0, 0.0, 0.0]",,0.75,1.4375,0.75,"[0.0, 0.0, 0.0, 0.0, 0.0, 0.0, 0.0, 0.0, 0.0]",,-0.019999999553,0.0500000007451,0.10000000149,"[0.0, 0.0, 0.0, 0.0, 0.0, 0.0, 0.0, 0.0, 0.0]"
1612714830460744057,,3485,,0,0,'',,-0.0592651367188,0.606506347656,-0.590087890625,0.529541015625,"[0.0, 0.0, 0.0, 0.0, 0.0, 0.0, 0.0, 0.0, 0.0]",,0.5,-5.0625,3.9375,"[0.0, 0.0, 0.0, 0.0, 0.0, 0.0, 0.0, 0.0, 0.0]",,-0.0399999991059,-0.10000000149,-0.019999999553,"[0.0, 0.0, 0.0, 0.0, 0.0, 0.0, 0.0, 0.0, 0.0]"
1612714830520375170,,3486,,0,0,'',,-0.0613403320312,0.60546875,-0.588684082031,0.532043457031,"[0.0, 0.0, 0.0, 0.0, 0.0, 0.0, 0.0, 0.0, 0.0]",,-3.25,-7.9375,-0.1875,"[0.0, 0.0, 0.0, 0.0, 0.0, 0.0, 0.0, 0.0, 0.0]",,-0.0900000035763,-1.10000002384,0.40000000596,"[0.0, 0.0, 0.0, 0.0, 0.0, 0.0, 0.0, 0.0, 0.0]"
1612714830583798066,,3487,,0,0,'',,-0.06494140625,0.604431152344,-0.587036132812,0.534606933594,"[0.0, 0.0, 0.0, 0.0, 0.0, 0.0, 0.0, 0.0, 0.0]",,-6.625,-7.4375,-3.125,"[0.0, 0.0, 0.0, 0.0, 0.0, 0.0, 0.0, 0.0, 0.0]",,-0.310000002384,0.0500000007451,0.280000001192,"[0.0, 0.0, 0.0, 0.0, 0.0, 0.0, 0.0, 0.0, 0.0]"
1612714830638494245,,3488,,0,0,'',,-0.066650390625,0.603881835938,-0.586547851562,0.535583496094,"[0.0, 0.0, 0.0, 0.0, 0.0, 0.0, 0.0, 0.0, 0.0]",,-0.875,1.1875,1.8125,"[0.0, 0.0, 0.0, 0.0, 0.0, 0.0, 0.0, 0.0, 0.0]",,-0.850000023842,-0.070000000298,-0.109999999404,"[0.0, 0.0, 0.0, 0.0, 0.0, 0.0, 0.0, 0.0, 0.0]"
1612714830704343442,,3489,,0,0,'',,-0.0675048828125,0.603820800781,-0.5869140625,0.53515625,"[0.0, 0.0, 0.0, 0.0, 0.0, 0.0, 0.0, 0.0, 0.0]",,-4.8125,-5.3125,-0.875,"[0.0, 0.0, 0.0, 0.0, 0.0, 0.0, 0.0, 0.0, 0.0]",,-0.629999995232,0.449999988079,0.34999999404,"[0.0, 0.0, 0.0, 0.0, 0.0, 0.0, 0.0, 0.0, 0.0]"
1612714830758957637,,3490,,0,0,'',,-0.0699462890625,0.603576660156,-0.585693359375,0.536376953125,"[0.0, 0.0, 0.0, 0.0, 0.0, 0.0, 0.0, 0.0, 0.0]",,1.3125,-6.875,2.0,"[0.0, 0.0, 0.0, 0.0, 0.0, 0.0, 0.0, 0.0, 0.0]",,0.0500000007451,-0.419999986887,-0.159999996424,"[0.0, 0.0, 0.0, 0.0, 0.0, 0.0, 0.0, 0.0, 0.0]"
1612714830807219978,,3491,,0,0,'',,-0.0685424804688,0.602966308594,-0.586242675781,0.536682128906,"[0.0, 0.0, 0.0, 0.0, 0.0, 0.0, 0.0, 0.0, 0.0]",,1.25,6.0625,-0.3125,"[0.0, 0.0, 0.0, 0.0, 0.0, 0.0, 0.0, 0.0, 0.0]",,-0.360000014305,-0.0399999991059,0.330000013113,"[0.0, 0.0, 0.0, 0.0, 0.0, 0.0, 0.0, 0.0, 0.0]"
1612714830869469566,,3492,,0,0,'',,-0.0670166015625,0.602294921875,-0.587219238281,0.536560058594,"[0.0, 0.0, 0.0, 0.0, 0.0, 0.0, 0.0, 0.0, 0.0]",,4.5,1.375,-0.625,"[0.0, 0.0, 0.0, 0.0, 0.0, 0.0, 0.0, 0.0, 0.0]",,0.070000000298,0.25,0.0299999993294,"[0.0, 0.0, 0.0, 0.0, 0.0, 0.0, 0.0, 0.0, 0.0]"
1612714830949099360,,3493,,0,0,'',,-0.0665283203125,0.602661132812,-0.587585449219,0.535827636719,"[0.0, 0.0, 0.0, 0.0, 0.0, 0.0, 0.0, 0.0, 0.0]",,1.3125,1.5,0.625,"[0.0, 0.0, 0.0, 0.0, 0.0, 0.0, 0.0, 0.0, 0.0]",,-0.170000001788,-0.0599999986589,0.0500000007451,"[0.0, 0.0, 0.0, 0.0, 0.0, 0.0, 0.0, 0.0, 0.0]"
1612714830985410064,,3494,,0,0,'',,-0.0656127929688,0.602478027344,-0.588317871094,0.535339355469,"[0.0, 0.0, 0.0, 0.0, 0.0, 0.0, 0.0, 0.0, 0.0]",,2.125,2.0625,-1.3125,"[0.0, 0.0, 0.0, 0.0, 0.0, 0.0, 0.0, 0.0, 0.0]",,-0.219999998808,0.0,0.15000000596,"[0.0, 0.0, 0.0, 0.0, 0.0, 0.0, 0.0, 0.0, 0.0]"
1612714831036288592,,3495,,0,0,'',,-0.0651245117188,0.602355957031,-0.588806152344,0.534973144531,"[0.0, 0.0, 0.0, 0.0, 0.0, 0.0, 0.0, 0.0, 0.0]",,4.8125,0.25,1.9375,"[0.0, 0.0, 0.0, 0.0, 0.0, 0.0, 0.0, 0.0, 0.0]",,0.0299999993294,-0.209999993443,-0.209999993443,"[0.0, 0.0, 0.0, 0.0, 0.0, 0.0, 0.0, 0.0, 0.0]"
1612714831098627004,,3496,,0,0,'',,-0.062744140625,0.601867675781,-0.590759277344,0.53369140625,"[0.0, 0.0, 0.0, 0.0, 0.0, 0.0, 0.0, 0.0, 0.0]",,-0.8125,10.75,-4.625,"[0.0, 0.0, 0.0, 0.0, 0.0, 0.0, 0.0, 0.0, 0.0]",,-0.230000004172,0.5,0.610000014305,"[0.0, 0.0, 0.0, 0.0, 0.0, 0.0, 0.0, 0.0, 0.0]"
1612714831142870981,,3497,,0,0,'',,-0.0587158203125,0.604125976562,-0.595153808594,0.526672363281,"[0.0, 0.0, 0.0, 0.0, 0.0, 0.0, 0.0, 0.0, 0.0]",,4.6875,12.75,-0.4375,"[0.0, 0.0, 0.0, 0.0, 0.0, 0.0, 0.0, 0.0, 0.0]",,0.019999999553,-5.48999977112,-0.340000003576,"[0.0, 0.0, 0.0, 0.0, 0.0, 0.0, 0.0, 0.0, 0.0]"
1612714831207315942,,3498,,0,0,'',,-0.0596923828125,0.599853515625,-0.596618652344,0.52978515625,"[0.0, 0.0, 0.0, 0.0, 0.0, 0.0, 0.0, 0.0, 0.0]",,-3.25,-2.0,-2.375,"[0.0, 0.0, 0.0, 0.0, 0.0, 0.0, 0.0, 0.0, 0.0]",,0.230000004172,0.460000008345,0.0599999986589,"[0.0, 0.0, 0.0, 0.0, 0.0, 0.0, 0.0, 0.0, 0.0]"
1612714831263680859,,3499,,0,0,'',,-0.0616455078125,0.601806640625,-0.593627929688,0.530639648438,"[0.0, 0.0, 0.0, 0.0, 0.0, 0.0, 0.0, 0.0, 0.0]",,-6.0625,5.375,3.125,"[0.0, 0.0, 0.0, 0.0, 0.0, 0.0, 0.0, 0.0, 0.0]",,-0.0299999993294,-0.419999986887,-0.230000004172,"[0.0, 0.0, 0.0, 0.0, 0.0, 0.0, 0.0, 0.0, 0.0]"
1612714831319667906,,3500,,0,0,'',,-0.0613403320312,0.603393554688,-0.5927734375,0.529907226562,"[0.0, 0.0, 0.0, 0.0, 0.0, 0.0, 0.0, 0.0, 0.0]",,-1.625,-1.375,-0.125,"[0.0, 0.0, 0.0, 0.0, 0.0, 0.0, 0.0, 0.0, 0.0]",,-0.0799999982119,-0.0399999991059,0.119999997318,"[0.0, 0.0, 0.0, 0.0, 0.0, 0.0, 0.0, 0.0, 0.0]"
1612714831375722635,,3501,,0,0,'',,-0.0619506835938,0.603454589844,-0.592407226562,0.530151367188,"[0.0, 0.0, 0.0, 0.0, 0.0, 0.0, 0.0, 0.0, 0.0]",,0.75,1.0,0.3125,"[0.0, 0.0, 0.0, 0.0, 0.0, 0.0, 0.0, 0.0, 0.0]",,-0.230000004172,0.0299999993294,0.140000000596,"[0.0, 0.0, 0.0, 0.0, 0.0, 0.0, 0.0, 0.0, 0.0]"
1612714831441374209,,3502,,0,0,'',,-0.0618286132812,0.60302734375,-0.592651367188,0.530395507812,"[0.0, 0.0, 0.0, 0.0, 0.0, 0.0, 0.0, 0.0, 0.0]",,-0.125,-2.375,0.75,"[0.0, 0.0, 0.0, 0.0, 0.0, 0.0, 0.0, 0.0, 0.0]",,0.0599999986589,0.0,0.129999995232,"[0.0, 0.0, 0.0, 0.0, 0.0, 0.0, 0.0, 0.0, 0.0]"
1612714831487313550,,3503,,0,0,'',,-0.0618286132812,0.602355957031,-0.592712402344,0.531005859375,"[0.0, 0.0, 0.0, 0.0, 0.0, 0.0, 0.0, 0.0, 0.0]",,3.0625,-2.625,-0.3125,"[0.0, 0.0, 0.0, 0.0, 0.0, 0.0, 0.0, 0.0, 0.0]",,-0.209999993443,0.0599999986589,0.159999996424,"[0.0, 0.0, 0.0, 0.0, 0.0, 0.0, 0.0, 0.0, 0.0]"
1612714831552705488,,3504,,0,0,'',,-0.0620727539062,0.601440429688,-0.592468261719,0.532348632812,"[0.0, 0.0, 0.0, 0.0, 0.0, 0.0, 0.0, 0.0, 0.0]",,-0.25,-4.1875,2.375,"[0.0, 0.0, 0.0, 0.0, 0.0, 0.0, 0.0, 0.0, 0.0]",,0.159999996424,-0.0799999982119,-0.0399999991059,"[0.0, 0.0, 0.0, 0.0, 0.0, 0.0, 0.0, 0.0, 0.0]"
1612714831619047705,,3505,,0,0,'',,-0.0611572265625,0.602294921875,-0.591674804688,0.532348632812,"[0.0, 0.0, 0.0, 0.0, 0.0, 0.0, 0.0, 0.0, 0.0]",,-0.375,4.6875,2.6875,"[0.0, 0.0, 0.0, 0.0, 0.0, 0.0, 0.0, 0.0, 0.0]",,-0.10000000149,-0.10000000149,0.070000000298,"[0.0, 0.0, 0.0, 0.0, 0.0, 0.0, 0.0, 0.0, 0.0]"
1612714831656231079,,3506,,0,0,'',,-0.0596313476562,0.603820800781,-0.591430664062,0.531066894531,"[0.0, 0.0, 0.0, 0.0, 0.0, 0.0, 0.0, 0.0, 0.0]",,-0.625,2.8125,-0.125,"[0.0, 0.0, 0.0, 0.0, 0.0, 0.0, 0.0, 0.0, 0.0]",,0.34999999404,-0.699999988079,-0.52999997139,"[0.0, 0.0, 0.0, 0.0, 0.0, 0.0, 0.0, 0.0, 0.0]"
1612714831719820832,,3507,,0,0,'',,-0.0609130859375,0.605529785156,-0.589660644531,0.531005859375,"[0.0, 0.0, 0.0, 0.0, 0.0, 0.0, 0.0, 0.0, 0.0]",,-8.0,5.6875,-2.0625,"[0.0, 0.0, 0.0, 0.0, 0.0, 0.0, 0.0, 0.0, 0.0]",,-0.00999999977648,1.29999995232,0.310000002384,"[0.0, 0.0, 0.0, 0.0, 0.0, 0.0, 0.0, 0.0, 0.0]"
1612714831777398058,,3508,,0,0,'',,-0.0612182617188,0.607177734375,-0.590270996094,0.5283203125,"[0.0, 0.0, 0.0, 0.0, 0.0, 0.0, 0.0, 0.0, 0.0]",,1.875,1.25,3.5625,"[0.0, 0.0, 0.0, 0.0, 0.0, 0.0, 0.0, 0.0, 0.0]",,-0.289999991655,-0.270000010729,0.680000007153,"[0.0, 0.0, 0.0, 0.0, 0.0, 0.0, 0.0, 0.0, 0.0]"
1612714831861391477,,3509,,0,0,'',,-0.0592041015625,0.604675292969,-0.588684082031,0.533264160156,"[0.0, 0.0, 0.0, 0.0, 0.0, 0.0, 0.0, 0.0, 0.0]",,7.625,-6.6875,7.3125,"[0.0, 0.0, 0.0, 0.0, 0.0, 0.0, 0.0, 0.0, 0.0]",,0.519999980927,0.389999985695,-0.00999999977648,"[0.0, 0.0, 0.0, 0.0, 0.0, 0.0, 0.0, 0.0, 0.0]"
1612714831896542404,,3510,,0,0,'',,-0.0594482421875,0.604370117188,-0.589782714844,0.532287597656,"[0.0, 0.0, 0.0, 0.0, 0.0, 0.0, 0.0, 0.0, 0.0]",,-5.0625,10.25,-10.25,"[0.0, 0.0, 0.0, 0.0, 0.0, 0.0, 0.0, 0.0, 0.0]",,-0.280000001192,-0.460000008345,-0.0299999993294,"[0.0, 0.0, 0.0, 0.0, 0.0, 0.0, 0.0, 0.0, 0.0]"
1612714831952049491,,3511,,0,0,'',,-0.059326171875,0.605834960938,-0.590454101562,0.529907226562,"[0.0, 0.0, 0.0, 0.0, 0.0, 0.0, 0.0, 0.0, 0.0]",,-0.625,2.1875,0.6875,"[0.0, 0.0, 0.0, 0.0, 0.0, 0.0, 0.0, 0.0, 0.0]",,-0.019999999553,0.219999998808,-0.070000000298,"[0.0, 0.0, 0.0, 0.0, 0.0, 0.0, 0.0, 0.0, 0.0]"
1612714832005738844,,3512,,0,0,'',,-0.0587768554688,0.607849121094,-0.590087890625,0.528137207031,"[0.0, 0.0, 0.0, 0.0, 0.0, 0.0, 0.0, 0.0, 0.0]",,5.0625,0.6875,0.5,"[0.0, 0.0, 0.0, 0.0, 0.0, 0.0, 0.0, 0.0, 0.0]",,-0.170000001788,0.15000000596,0.119999997318,"[0.0, 0.0, 0.0, 0.0, 0.0, 0.0, 0.0, 0.0, 0.0]"
1612714832067160013,,3513,,0,0,'',,-0.0584716796875,0.608215332031,-0.59033203125,0.527465820312,"[0.0, 0.0, 0.0, 0.0, 0.0, 0.0, 0.0, 0.0, 0.0]",,-6.3125,0.4375,-3.5625,"[0.0, 0.0, 0.0, 0.0, 0.0, 0.0, 0.0, 0.0, 0.0]",,0.180000007153,-0.460000008345,-0.00999999977648,"[0.0, 0.0, 0.0, 0.0, 0.0, 0.0, 0.0, 0.0, 0.0]"
1612714832115401394,,3514,,0,0,'',,-0.0576171875,0.607116699219,-0.5908203125,0.528198242188,"[0.0, 0.0, 0.0, 0.0, 0.0, 0.0, 0.0, 0.0, 0.0]",,6.625,-3.8125,3.5,"[0.0, 0.0, 0.0, 0.0, 0.0, 0.0, 0.0, 0.0, 0.0]",,-0.259999990463,0.209999993443,0.00999999977648,"[0.0, 0.0, 0.0, 0.0, 0.0, 0.0, 0.0, 0.0, 0.0]"
1612714832185183796,,3515,,0,0,'',,-0.0569458007812,0.607421875,-0.590393066406,0.528381347656,"[0.0, 0.0, 0.0, 0.0, 0.0, 0.0, 0.0, 0.0, 0.0]",,1.4375,1.6875,2.0625,"[0.0, 0.0, 0.0, 0.0, 0.0, 0.0, 0.0, 0.0, 0.0]",,-0.209999993443,-0.159999996424,0.239999994636,"[0.0, 0.0, 0.0, 0.0, 0.0, 0.0, 0.0, 0.0, 0.0]"
1612714832245945126,,3516,,0,0,'',,-0.0554809570312,0.607543945312,-0.589965820312,0.528869628906,"[0.0, 0.0, 0.0, 0.0, 0.0, 0.0, 0.0, 0.0, 0.0]",,-2.75,2.375,1.5625,"[0.0, 0.0, 0.0, 0.0, 0.0, 0.0, 0.0, 0.0, 0.0]",,-0.180000007153,-0.129999995232,0.170000001788,"[0.0, 0.0, 0.0, 0.0, 0.0, 0.0, 0.0, 0.0, 0.0]"
1612714832297735115,,3517,,0,0,'',,-0.053955078125,0.60693359375,-0.589416503906,0.530456542969,"[0.0, 0.0, 0.0, 0.0, 0.0, 0.0, 0.0, 0.0, 0.0]",,5.0625,-5.0625,6.5,"[0.0, 0.0, 0.0, 0.0, 0.0, 0.0, 0.0, 0.0, 0.0]",,-0.00999999977648,0.25,-0.0299999993294,"[0.0, 0.0, 0.0, 0.0, 0.0, 0.0, 0.0, 0.0, 0.0]"
1612714832344792387,,3518,,0,0,'',,-0.0531616210938,0.60595703125,-0.588195800781,0.532958984375,"[0.0, 0.0, 0.0, 0.0, 0.0, 0.0, 0.0, 0.0, 0.0]",,-0.75,0.5625,4.0625,"[0.0, 0.0, 0.0, 0.0, 0.0, 0.0, 0.0, 0.0, 0.0]",,-0.0399999991059,-0.239999994636,0.0,"[0.0, 0.0, 0.0, 0.0, 0.0, 0.0, 0.0, 0.0, 0.0]"
1612714832405153695,,3519,,0,0,'',,-0.0520629882812,0.605407714844,-0.587036132812,0.534973144531,"[0.0, 0.0, 0.0, 0.0, 0.0, 0.0, 0.0, 0.0, 0.0]",,-0.75,-2.3125,4.75,"[0.0, 0.0, 0.0, 0.0, 0.0, 0.0, 0.0, 0.0, 0.0]",,0.490000009537,0.119999997318,-0.140000000596,"[0.0, 0.0, 0.0, 0.0, 0.0, 0.0, 0.0, 0.0, 0.0]"
1612714832458993735,,3520,,0,0,'',,-0.052978515625,0.609069824219,-0.584838867188,0.533081054688,"[0.0, 0.0, 0.0, 0.0, 0.0, 0.0, 0.0, 0.0, 0.0]",,-9.5625,5.4375,-2.5625,"[0.0, 0.0, 0.0, 0.0, 0.0, 0.0, 0.0, 0.0, 0.0]",,-0.15000000596,-0.159999996424,-0.119999997318,"[0.0, 0.0, 0.0, 0.0, 0.0, 0.0, 0.0, 0.0, 0.0]"
1612714832568479001,,3521,,0,0,'',,-0.0527954101562,0.610961914062,-0.583801269531,0.532043457031,"[0.0, 0.0, 0.0, 0.0, 0.0, 0.0, 0.0, 0.0, 0.0]",,0.0,-5.5625,0.5625,"[0.0, 0.0, 0.0, 0.0, 0.0, 0.0, 0.0, 0.0, 0.0]",,-0.72000002861,0.449999988079,1.11000001431,"[0.0, 0.0, 0.0, 0.0, 0.0, 0.0, 0.0, 0.0, 0.0]"
1612714832604672363,,3522,,0,0,'',,-0.051513671875,0.607421875,-0.585144042969,0.534729003906,"[0.0, 0.0, 0.0, 0.0, 0.0, 0.0, 0.0, 0.0, 0.0]",,18.0625,-6.5625,0.0625,"[0.0, 0.0, 0.0, 0.0, 0.0, 0.0, 0.0, 0.0, 0.0]",,-0.280000001192,2.33999991417,0.180000007153,"[0.0, 0.0, 0.0, 0.0, 0.0, 0.0, 0.0, 0.0, 0.0]"
1612714832637524019,,3523,,0,0,'',,-0.0537719726562,0.605895996094,-0.5849609375,0.536437988281,"[0.0, 0.0, 0.0, 0.0, 0.0, 0.0, 0.0, 0.0, 0.0]",,-4.625,-12.5,0.125,"[0.0, 0.0, 0.0, 0.0, 0.0, 0.0, 0.0, 0.0, 0.0]",,-0.170000001788,-0.170000001788,0.15000000596,"[0.0, 0.0, 0.0, 0.0, 0.0, 0.0, 0.0, 0.0, 0.0]"
1612714832699875758,,3524,,0,0,'',,-0.0565185546875,0.60302734375,-0.584228515625,0.540222167969,"[0.0, 0.0, 0.0, 0.0, 0.0, 0.0, 0.0, 0.0, 0.0]",,1.375,-3.75,-1.0625,"[0.0, 0.0, 0.0, 0.0, 0.0, 0.0, 0.0, 0.0, 0.0]",,0.319999992847,0.15000000596,0.10000000149,"[0.0, 0.0, 0.0, 0.0, 0.0, 0.0, 0.0, 0.0, 0.0]"
1612714832753734084,,3525,,0,0,'',,-0.058349609375,0.603271484375,-0.584411621094,0.53955078125,"[0.0, 0.0, 0.0, 0.0, 0.0, 0.0, 0.0, 0.0, 0.0]",,-4.25,-4.5,-3.875,"[0.0, 0.0, 0.0, 0.0, 0.0, 0.0, 0.0, 0.0, 0.0]",,-0.0599999986589,-0.00999999977648,0.0399999991059,"[0.0, 0.0, 0.0, 0.0, 0.0, 0.0, 0.0, 0.0, 0.0]"
1612714832815241872,,3526,,0,0,'',,-0.0618286132812,0.603149414062,-0.58447265625,0.539245605469,"[0.0, 0.0, 0.0, 0.0, 0.0, 0.0, 0.0, 0.0, 0.0]",,-4.0625,0.1875,-5.875,"[0.0, 0.0, 0.0, 0.0, 0.0, 0.0, 0.0, 0.0, 0.0]",,0.119999997318,-0.439999997616,0.0399999991059,"[0.0, 0.0, 0.0, 0.0, 0.0, 0.0, 0.0, 0.0, 0.0]"
1612714832870763877,,3527,,0,0,'',,-0.0643310546875,0.606323242188,-0.587097167969,0.532531738281,"[0.0, 0.0, 0.0, 0.0, 0.0, 0.0, 0.0, 0.0, 0.0]",,-1.875,6.875,-12.5625,"[0.0, 0.0, 0.0, 0.0, 0.0, 0.0, 0.0, 0.0, 0.0]",,-0.430000007153,0.0399999991059,0.209999993443,"[0.0, 0.0, 0.0, 0.0, 0.0, 0.0, 0.0, 0.0, 0.0]"
1612714832923616778,,3528,,0,0,'',,-0.0651245117188,0.607299804688,-0.588623046875,0.529663085938,"[0.0, 0.0, 0.0, 0.0, 0.0, 0.0, 0.0, 0.0, 0.0]",,0.3125,11.125,-4.375,"[0.0, 0.0, 0.0, 0.0, 0.0, 0.0, 0.0, 0.0, 0.0]",,0.479999989271,-0.0799999982119,-0.159999996424,"[0.0, 0.0, 0.0, 0.0, 0.0, 0.0, 0.0, 0.0, 0.0]"
1612714832983629958,,3529,,0,0,'',,-0.0624389648438,0.611877441406,-0.589172363281,0.523986816406,"[0.0, 0.0, 0.0, 0.0, 0.0, 0.0, 0.0, 0.0, 0.0]",,-5.25,11.0625,-2.25,"[0.0, 0.0, 0.0, 0.0, 0.0, 0.0, 0.0, 0.0, 0.0]",,-0.930000007153,0.430000007153,0.730000019073,"[0.0, 0.0, 0.0, 0.0, 0.0, 0.0, 0.0, 0.0, 0.0]"
1612714833032483753,,3530,,0,0,'',,-0.061767578125,0.613708496094,-0.588317871094,0.522888183594,"[0.0, 0.0, 0.0, 0.0, 0.0, 0.0, 0.0, 0.0, 0.0]",,1.5625,1.8125,1.625,"[0.0, 0.0, 0.0, 0.0, 0.0, 0.0, 0.0, 0.0, 0.0]",,0.340000003576,-0.0799999982119,-0.0799999982119,"[0.0, 0.0, 0.0, 0.0, 0.0, 0.0, 0.0, 0.0, 0.0]"
1612714833107732591,,3531,,0,0,'',,-0.0597534179688,0.614624023438,-0.588134765625,0.522216796875,"[0.0, 0.0, 0.0, 0.0, 0.0, 0.0, 0.0, 0.0, 0.0]",,-0.5,5.625,0.75,"[0.0, 0.0, 0.0, 0.0, 0.0, 0.0, 0.0, 0.0, 0.0]",,-0.670000016689,-0.0399999991059,0.109999999404,"[0.0, 0.0, 0.0, 0.0, 0.0, 0.0, 0.0, 0.0, 0.0]"
1612714833159439562,,3532,,0,0,'',,-0.0589599609375,0.614868164062,-0.587829589844,0.522399902344,"[0.0, 0.0, 0.0, 0.0, 0.0, 0.0, 0.0, 0.0, 0.0]",,2.9375,-4.4375,0.6875,"[0.0, 0.0, 0.0, 0.0, 0.0, 0.0, 0.0, 0.0, 0.0]",,0.360000014305,-0.019999999553,-0.159999996424,"[0.0, 0.0, 0.0, 0.0, 0.0, 0.0, 0.0, 0.0, 0.0]"
1612714833219186399,,3533,,0,0,'',,-0.0582275390625,0.614685058594,-0.588623046875,0.521850585938,"[0.0, 0.0, 0.0, 0.0, 0.0, 0.0, 0.0, 0.0, 0.0]",,-3.8125,-1.8125,0.5,"[0.0, 0.0, 0.0, 0.0, 0.0, 0.0, 0.0, 0.0, 0.0]",,0.140000000596,0.819999992847,1.23000001907,"[0.0, 0.0, 0.0, 0.0, 0.0, 0.0, 0.0, 0.0, 0.0]"
1612714833278862113,,3534,,0,0,'',,-0.0575561523438,0.620910644531,-0.586242675781,0.517211914062,"[0.0, 0.0, 0.0, 0.0, 0.0, 0.0, 0.0, 0.0, 0.0]",,-13.375,20.125,-1.5,"[0.0, 0.0, 0.0, 0.0, 0.0, 0.0, 0.0, 0.0, 0.0]",,-0.0299999993294,1.12999999523,0.070000000298,"[0.0, 0.0, 0.0, 0.0, 0.0, 0.0, 0.0, 0.0, 0.0]"
1612714833323519621,,3535,,0,0,'',,-0.0573120117188,0.631286621094,-0.581970214844,0.509399414062,"[0.0, 0.0, 0.0, 0.0, 0.0, 0.0, 0.0, 0.0, 0.0]",,-20.875,15.75,-7.875,"[0.0, 0.0, 0.0, 0.0, 0.0, 0.0, 0.0, 0.0, 0.0]",,-0.879999995232,-0.34999999404,-0.15000000596,"[0.0, 0.0, 0.0, 0.0, 0.0, 0.0, 0.0, 0.0, 0.0]"
1612714833383106284,,3536,,0,0,'',,-0.0614624023438,0.634765625,-0.578186035156,0.508911132812,"[0.0, 0.0, 0.0, 0.0, 0.0, 0.0, 0.0, 0.0, 0.0]",,-15.3125,-3.625,-4.6875,"[0.0, 0.0, 0.0, 0.0, 0.0, 0.0, 0.0, 0.0, 0.0]",,0.479999989271,0.300000011921,0.40000000596,"[0.0, 0.0, 0.0, 0.0, 0.0, 0.0, 0.0, 0.0, 0.0]"
1612714833436141355,,3537,,0,0,'',,-0.06640625,0.64111328125,-0.573181152344,0.505981445312,"[0.0, 0.0, 0.0, 0.0, 0.0, 0.0, 0.0, 0.0, 0.0]",,-10.0,-0.625,0.8125,"[0.0, 0.0, 0.0, 0.0, 0.0, 0.0, 0.0, 0.0, 0.0]",,-0.519999980927,-0.829999983311,-0.0500000007451,"[0.0, 0.0, 0.0, 0.0, 0.0, 0.0, 0.0, 0.0, 0.0]"
1612714833501333206,,3538,,0,0,'',,-0.0672607421875,0.642150878906,-0.571594238281,0.50634765625,"[0.0, 0.0, 0.0, 0.0, 0.0, 0.0, 0.0, 0.0, 0.0]",,-4.5,2.9375,3.125,"[0.0, 0.0, 0.0, 0.0, 0.0, 0.0, 0.0, 0.0, 0.0]",,-0.20000000298,0.25,-0.0399999991059,"[0.0, 0.0, 0.0, 0.0, 0.0, 0.0, 0.0, 0.0, 0.0]"
1612714833554516160,,3539,,0,0,'',,-0.0668334960938,0.642944335938,-0.569946289062,0.507263183594,"[0.0, 0.0, 0.0, 0.0, 0.0, 0.0, 0.0, 0.0, 0.0]",,0.1875,-2.125,3.8125,"[0.0, 0.0, 0.0, 0.0, 0.0, 0.0, 0.0, 0.0, 0.0]",,0.00999999977648,-0.129999995232,0.0,"[0.0, 0.0, 0.0, 0.0, 0.0, 0.0, 0.0, 0.0, 0.0]"
1612714833600824251,,3540,,0,0,'',,-0.066162109375,0.642578125,-0.569030761719,0.508850097656,"[0.0, 0.0, 0.0, 0.0, 0.0, 0.0, 0.0, 0.0, 0.0]",,-1.5625,-2.75,1.5,"[0.0, 0.0, 0.0, 0.0, 0.0, 0.0, 0.0, 0.0, 0.0]",,-0.259999990463,-0.0599999986589,0.0299999993294,"[0.0, 0.0, 0.0, 0.0, 0.0, 0.0, 0.0, 0.0, 0.0]"
1612714833675111343,,3541,,0,0,'',,-0.066650390625,0.642150878906,-0.568115234375,0.510375976562,"[0.0, 0.0, 0.0, 0.0, 0.0, 0.0, 0.0, 0.0, 0.0]",,-0.5,-0.875,1.1875,"[0.0, 0.0, 0.0, 0.0, 0.0, 0.0, 0.0, 0.0, 0.0]",,-0.0799999982119,0.0399999991059,0.159999996424,"[0.0, 0.0, 0.0, 0.0, 0.0, 0.0, 0.0, 0.0, 0.0]"
1612714833723836402,,3542,,0,0,'',,-0.0656127929688,0.642456054688,-0.567932128906,0.510375976562,"[0.0, 0.0, 0.0, 0.0, 0.0, 0.0, 0.0, 0.0, 0.0]",,0.875,2.375,1.4375,"[0.0, 0.0, 0.0, 0.0, 0.0, 0.0, 0.0, 0.0, 0.0]",,-0.20000000298,0.119999997318,0.109999999404,"[0.0, 0.0, 0.0, 0.0, 0.0, 0.0, 0.0, 0.0, 0.0]"
1612714833777648753,,3543,,0,0,'',,-0.0658569335938,0.642211914062,-0.567687988281,0.510864257812,"[0.0, 0.0, 0.0, 0.0, 0.0, 0.0, 0.0, 0.0, 0.0]",,-3.8125,-0.5625,-2.375,"[0.0, 0.0, 0.0, 0.0, 0.0, 0.0, 0.0, 0.0, 0.0]",,-0.0900000035763,-0.0500000007451,0.00999999977648,"[0.0, 0.0, 0.0, 0.0, 0.0, 0.0, 0.0, 0.0, 0.0]"
1612714833836287101,,3544,,0,0,'',,-0.0665283203125,0.642944335938,-0.567260742188,0.510314941406,"[0.0, 0.0, 0.0, 0.0, 0.0, 0.0, 0.0, 0.0, 0.0]",,-0.4375,0.5,0.25,"[0.0, 0.0, 0.0, 0.0, 0.0, 0.0, 0.0, 0.0, 0.0]",,-0.189999997616,-0.140000000596,0.0,"[0.0, 0.0, 0.0, 0.0, 0.0, 0.0, 0.0, 0.0, 0.0]"
1612714833891850264,,3545,,0,0,'',,-0.0668334960938,0.642211914062,-0.567199707031,0.51123046875,"[0.0, 0.0, 0.0, 0.0, 0.0, 0.0, 0.0, 0.0, 0.0]",,1.0625,-2.75,-0.6875,"[0.0, 0.0, 0.0, 0.0, 0.0, 0.0, 0.0, 0.0, 0.0]",,-0.129999995232,0.00999999977648,0.00999999977648,"[0.0, 0.0, 0.0, 0.0, 0.0, 0.0, 0.0, 0.0, 0.0]"
1612714833957916277,,3546,,0,0,'',,-0.0681762695312,0.641662597656,-0.56640625,0.512573242188,"[0.0, 0.0, 0.0, 0.0, 0.0, 0.0, 0.0, 0.0, 0.0]",,0.25,-4.625,2.9375,"[0.0, 0.0, 0.0, 0.0, 0.0, 0.0, 0.0, 0.0, 0.0]",,0.180000007153,-0.239999994636,0.0,"[0.0, 0.0, 0.0, 0.0, 0.0, 0.0, 0.0, 0.0, 0.0]"
1612714834003414362,,3547,,0,0,'',,-0.0680541992188,0.64111328125,-0.567138671875,0.512512207031,"[0.0, 0.0, 0.0, 0.0, 0.0, 0.0, 0.0, 0.0, 0.0]",,-1.3125,-1.75,-3.3125,"[0.0, 0.0, 0.0, 0.0, 0.0, 0.0, 0.0, 0.0, 0.0]",,-0.370000004768,0.439999997616,0.180000007153,"[0.0, 0.0, 0.0, 0.0, 0.0, 0.0, 0.0, 0.0, 0.0]"
1612714834065126822,,3548,,0,0,'',,-0.0748291015625,0.639831542969,-0.565185546875,0.515380859375,"[0.0, 0.0, 0.0, 0.0, 0.0, 0.0, 0.0, 0.0, 0.0]",,-15.6875,-13.8125,-4.875,"[0.0, 0.0, 0.0, 0.0, 0.0, 0.0, 0.0, 0.0, 0.0]",,0.10000000149,0.25,0.519999980927,"[0.0, 0.0, 0.0, 0.0, 0.0, 0.0, 0.0, 0.0, 0.0]"
1612714834120802308,,3549,,0,0,'',,-0.081298828125,0.640869140625,-0.562316894531,0.516174316406,"[0.0, 0.0, 0.0, 0.0, 0.0, 0.0, 0.0, 0.0, 0.0]",,-10.1875,-7.8125,-1.5,"[0.0, 0.0, 0.0, 0.0, 0.0, 0.0, 0.0, 0.0, 0.0]",,-0.0799999982119,-0.769999980927,-0.360000014305,"[0.0, 0.0, 0.0, 0.0, 0.0, 0.0, 0.0, 0.0, 0.0]"
1612714834184090918,,3550,,0,0,'',,-0.081787109375,0.639831542969,-0.563232421875,0.516357421875,"[0.0, 0.0, 0.0, 0.0, 0.0, 0.0, 0.0, 0.0, 0.0]",,8.25,-0.5,-1.375,"[0.0, 0.0, 0.0, 0.0, 0.0, 0.0, 0.0, 0.0, 0.0]",,1.87999999523,-0.639999985695,0.52999997139,"[0.0, 0.0, 0.0, 0.0, 0.0, 0.0, 0.0, 0.0, 0.0]"
1612714834250316921,,3551,,0,0,'',,-0.0763549804688,0.638061523438,-0.566711425781,0.515625,"[0.0, 0.0, 0.0, 0.0, 0.0, 0.0, 0.0, 0.0, 0.0]",,13.3125,-4.25,12.0625,"[0.0, 0.0, 0.0, 0.0, 0.0, 0.0, 0.0, 0.0, 0.0]",,-0.439999997616,-0.460000008345,-0.0799999982119,"[0.0, 0.0, 0.0, 0.0, 0.0, 0.0, 0.0, 0.0, 0.0]"
1612714834296434548,,3552,,0,0,'',,-0.069091796875,0.631530761719,-0.570373535156,0.520690917969,"[0.0, 0.0, 0.0, 0.0, 0.0, 0.0, 0.0, 0.0, 0.0]",,16.5625,-7.375,2.8125,"[0.0, 0.0, 0.0, 0.0, 0.0, 0.0, 0.0, 0.0, 0.0]",,-0.990000009537,0.649999976158,1.04999995232,"[0.0, 0.0, 0.0, 0.0, 0.0, 0.0, 0.0, 0.0, 0.0]"
1612714834345363329,,3553,,0,0,'',,-0.0692749023438,0.625671386719,-0.570983886719,0.526977539062,"[0.0, 0.0, 0.0, 0.0, 0.0, 0.0, 0.0, 0.0, 0.0]",,14.4375,-14.5,9.3125,"[0.0, 0.0, 0.0, 0.0, 0.0, 0.0, 0.0, 0.0, 0.0]",,0.0,-0.569999992847,-0.20000000298,"[0.0, 0.0, 0.0, 0.0, 0.0, 0.0, 0.0, 0.0, 0.0]"
1612714834416303011,,3554,,0,0,'',,-0.06640625,0.619750976562,-0.57373046875,0.531311035156,"[0.0, 0.0, 0.0, 0.0, 0.0, 0.0, 0.0, 0.0, 0.0]",,4.4375,7.0625,-1.25,"[0.0, 0.0, 0.0, 0.0, 0.0, 0.0, 0.0, 0.0, 0.0]",,-0.600000023842,0.119999997318,0.769999980927,"[0.0, 0.0, 0.0, 0.0, 0.0, 0.0, 0.0, 0.0, 0.0]"
1612714834467616512,,3555,,0,0,'',,-0.0654296875,0.617126464844,-0.575805664062,0.532287597656,"[0.0, 0.0, 0.0, 0.0, 0.0, 0.0, 0.0, 0.0, 0.0]",,12.5625,-13.375,4.0625,"[0.0, 0.0, 0.0, 0.0, 0.0, 0.0, 0.0, 0.0, 0.0]",,0.230000004172,-0.019999999553,-0.159999996424,"[0.0, 0.0, 0.0, 0.0, 0.0, 0.0, 0.0, 0.0, 0.0]"
1612714834525255001,,3556,,0,0,'',,-0.064208984375,0.615661621094,-0.578735351562,0.530944824219,"[0.0, 0.0, 0.0, 0.0, 0.0, 0.0, 0.0, 0.0, 0.0]",,-1.75,9.3125,-5.8125,"[0.0, 0.0, 0.0, 0.0, 0.0, 0.0, 0.0, 0.0, 0.0]",,-0.379999995232,0.10000000149,0.109999999404,"[0.0, 0.0, 0.0, 0.0, 0.0, 0.0, 0.0, 0.0, 0.0]"
1612714834580114797,,3557,,0,0,'',,-0.0626220703125,0.616943359375,-0.579406738281,0.528930664062,"[0.0, 0.0, 0.0, 0.0, 0.0, 0.0, 0.0, 0.0, 0.0]",,3.25,-9.125,2.0625,"[0.0, 0.0, 0.0, 0.0, 0.0, 0.0, 0.0, 0.0, 0.0]",,0.409999996424,0.10000000149,-0.800000011921,"[0.0, 0.0, 0.0, 0.0, 0.0, 0.0, 0.0, 0.0, 0.0]"
1612714834644539131,,3558,,0,0,'',,-0.0612182617188,0.616455078125,-0.579772949219,0.529235839844,"[0.0, 0.0, 0.0, 0.0, 0.0, 0.0, 0.0, 0.0, 0.0]",,4.3125,-6.125,3.0,"[0.0, 0.0, 0.0, 0.0, 0.0, 0.0, 0.0, 0.0, 0.0]",,-0.230000004172,0.129999995232,0.0399999991059,"[0.0, 0.0, 0.0, 0.0, 0.0, 0.0, 0.0, 0.0, 0.0]"
1612714834703108505,,3559,,0,0,'',,-0.0616455078125,0.614013671875,-0.579284667969,0.532531738281,"[0.0, 0.0, 0.0, 0.0, 0.0, 0.0, 0.0, 0.0, 0.0]",,3.0625,-11.5625,3.5625,"[0.0, 0.0, 0.0, 0.0, 0.0, 0.0, 0.0, 0.0, 0.0]",,0.270000010729,-0.0799999982119,-0.019999999553,"[0.0, 0.0, 0.0, 0.0, 0.0, 0.0, 0.0, 0.0, 0.0]"
1612714834764927972,,3560,,0,0,'',,-0.0620727539062,0.612670898438,-0.579284667969,0.534057617188,"[0.0, 0.0, 0.0, 0.0, 0.0, 0.0, 0.0, 0.0, 0.0]",,-1.375,3.4375,-1.6875,"[0.0, 0.0, 0.0, 0.0, 0.0, 0.0, 0.0, 0.0, 0.0]",,-0.159999996424,-0.239999994636,0.0399999991059,"[0.0, 0.0, 0.0, 0.0, 0.0, 0.0, 0.0, 0.0, 0.0]"
1612714834855933447,,3561,,0,0,'',,-0.062744140625,0.613098144531,-0.578979492188,0.533752441406,"[0.0, 0.0, 0.0, 0.0, 0.0, 0.0, 0.0, 0.0, 0.0]",,-2.3125,-1.9375,-1.5625,"[0.0, 0.0, 0.0, 0.0, 0.0, 0.0, 0.0, 0.0, 0.0]",,-0.0900000035763,0.25,0.0,"[0.0, 0.0, 0.0, 0.0, 0.0, 0.0, 0.0, 0.0, 0.0]"
1612714834887210011,,3562,,0,0,'',,-0.0639038085938,0.614013671875,-0.578430175781,0.533203125,"[0.0, 0.0, 0.0, 0.0, 0.0, 0.0, 0.0, 0.0, 0.0]",,-4.8125,4.125,0.375,"[0.0, 0.0, 0.0, 0.0, 0.0, 0.0, 0.0, 0.0, 0.0]",,-0.34999999404,0.579999983311,0.460000008345,"[0.0, 0.0, 0.0, 0.0, 0.0, 0.0, 0.0, 0.0, 0.0]"
1612714834925330477,,3563,,0,0,'',,-0.0667114257812,0.613220214844,-0.576965332031,0.535339355469,"[0.0, 0.0, 0.0, 0.0, 0.0, 0.0, 0.0, 0.0, 0.0]",,-1.1875,-9.25,-0.125,"[0.0, 0.0, 0.0, 0.0, 0.0, 0.0, 0.0, 0.0, 0.0]",,0.0399999991059,-0.300000011921,-0.109999999404,"[0.0, 0.0, 0.0, 0.0, 0.0, 0.0, 0.0, 0.0, 0.0]"
1612714834989409575,,3564,,0,0,'',,-0.0678100585938,0.612365722656,-0.577026367188,0.536071777344,"[0.0, 0.0, 0.0, 0.0, 0.0, 0.0, 0.0, 0.0, 0.0]",,0.9375,3.1875,0.0625,"[0.0, 0.0, 0.0, 0.0, 0.0, 0.0, 0.0, 0.0, 0.0]",,0.0900000035763,-0.119999997318,-0.119999997318,"[0.0, 0.0, 0.0, 0.0, 0.0, 0.0, 0.0, 0.0, 0.0]"
1612714835041990393,,3565,,0,0,'',,-0.0670776367188,0.612365722656,-0.577026367188,0.536193847656,"[0.0, 0.0, 0.0, 0.0, 0.0, 0.0, 0.0, 0.0, 0.0]",,0.125,-4.25,1.875,"[0.0, 0.0, 0.0, 0.0, 0.0, 0.0, 0.0, 0.0, 0.0]",,-0.189999997616,-0.00999999977648,0.340000003576,"[0.0, 0.0, 0.0, 0.0, 0.0, 0.0, 0.0, 0.0, 0.0]"
1612714835100456563,,3566,,0,0,'',,-0.0681762695312,0.611145019531,-0.576538085938,0.537963867188,"[0.0, 0.0, 0.0, 0.0, 0.0, 0.0, 0.0, 0.0, 0.0]",,-0.3125,-3.375,1.125,"[0.0, 0.0, 0.0, 0.0, 0.0, 0.0, 0.0, 0.0, 0.0]",,-0.230000004172,-0.0900000035763,0.189999997616,"[0.0, 0.0, 0.0, 0.0, 0.0, 0.0, 0.0, 0.0, 0.0]"
1612714835164046581,,3567,,0,0,'',,-0.0692138671875,0.609069824219,-0.576538085938,0.540222167969,"[0.0, 0.0, 0.0, 0.0, 0.0, 0.0, 0.0, 0.0, 0.0]",,3.5,-3.125,1.875,"[0.0, 0.0, 0.0, 0.0, 0.0, 0.0, 0.0, 0.0, 0.0]",,0.0,-0.0500000007451,-0.280000001192,"[0.0, 0.0, 0.0, 0.0, 0.0, 0.0, 0.0, 0.0, 0.0]"
1612714835223526165,,3568,,0,0,'',,-0.0672607421875,0.608703613281,-0.576599121094,0.540832519531,"[0.0, 0.0, 0.0, 0.0, 0.0, 0.0, 0.0, 0.0, 0.0]",,0.6875,3.1875,5.0625,"[0.0, 0.0, 0.0, 0.0, 0.0, 0.0, 0.0, 0.0, 0.0]",,-0.140000000596,0.0399999991059,-0.0599999986589,"[0.0, 0.0, 0.0, 0.0, 0.0, 0.0, 0.0, 0.0, 0.0]"
1612714835278111534,,3569,,0,0,'',,-0.063232421875,0.610412597656,-0.576232910156,0.539794921875,"[0.0, 0.0, 0.0, 0.0, 0.0, 0.0, 0.0, 0.0, 0.0]",,0.8125,9.0,2.5,"[0.0, 0.0, 0.0, 0.0, 0.0, 0.0, 0.0, 0.0, 0.0]",,-0.550000011921,-0.0900000035763,0.379999995232,"[0.0, 0.0, 0.0, 0.0, 0.0, 0.0, 0.0, 0.0, 0.0]"
1612714835345445202,,3570,,0,0,'',,-0.060302734375,0.612182617188,-0.575073242188,0.539367675781,"[0.0, 0.0, 0.0, 0.0, 0.0, 0.0, 0.0, 0.0, 0.0]",,-3.4375,4.4375,4.0,"[0.0, 0.0, 0.0, 0.0, 0.0, 0.0, 0.0, 0.0, 0.0]",,-0.230000004172,-0.0299999993294,0.330000013113,"[0.0, 0.0, 0.0, 0.0, 0.0, 0.0, 0.0, 0.0, 0.0]"
1612714835389378422,,3571,,0,0,'',,-0.0613403320312,0.611877441406,-0.572265625,0.542541503906,"[0.0, 0.0, 0.0, 0.0, 0.0, 0.0, 0.0, 0.0, 0.0]",,-5.375,-9.5,6.375,"[0.0, 0.0, 0.0, 0.0, 0.0, 0.0, 0.0, 0.0, 0.0]",,0.469999998808,-0.15000000596,0.270000010729,"[0.0, 0.0, 0.0, 0.0, 0.0, 0.0, 0.0, 0.0, 0.0]"
1612714835447965829,,3572,,0,0,'',,-0.0630493164062,0.611755371094,-0.569396972656,0.545471191406,"[0.0, 0.0, 0.0, 0.0, 0.0, 0.0, 0.0, 0.0, 0.0]",,-3.0,-9.25,2.0,"[0.0, 0.0, 0.0, 0.0, 0.0, 0.0, 0.0, 0.0, 0.0]",,-0.140000000596,-0.230000004172,0.180000007153,"[0.0, 0.0, 0.0, 0.0, 0.0, 0.0, 0.0, 0.0, 0.0]"
1612714835515558695,,3573,,0,0,'',,-0.0635375976562,0.610534667969,-0.569030761719,0.547241210938,"[0.0, 0.0, 0.0, 0.0, 0.0, 0.0, 0.0, 0.0, 0.0]",,2.25,5.1875,0.5,"[0.0, 0.0, 0.0, 0.0, 0.0, 0.0, 0.0, 0.0, 0.0]",,-0.170000001788,0.0399999991059,0.0299999993294,"[0.0, 0.0, 0.0, 0.0, 0.0, 0.0, 0.0, 0.0, 0.0]"
1612714835564783109,,3574,,0,0,'',,-0.0630493164062,0.6103515625,-0.569580078125,0.546875,"[0.0, 0.0, 0.0, 0.0, 0.0, 0.0, 0.0, 0.0, 0.0]",,0.0625,-4.9375,-0.1875,"[0.0, 0.0, 0.0, 0.0, 0.0, 0.0, 0.0, 0.0, 0.0]",,-0.340000003576,0.00999999977648,0.379999995232,"[0.0, 0.0, 0.0, 0.0, 0.0, 0.0, 0.0, 0.0, 0.0]"
1612714835624842444,,3575,,0,0,'',,-0.0651245117188,0.608215332031,-0.568115234375,0.550476074219,"[0.0, 0.0, 0.0, 0.0, 0.0, 0.0, 0.0, 0.0, 0.0]",,-1.0625,-10.875,1.75,"[0.0, 0.0, 0.0, 0.0, 0.0, 0.0, 0.0, 0.0, 0.0]",,-0.170000001788,-0.10000000149,0.170000001788,"[0.0, 0.0, 0.0, 0.0, 0.0, 0.0, 0.0, 0.0, 0.0]"
1612714835687855846,,3576,,0,0,'',,-0.067138671875,0.606506347656,-0.567077636719,0.55322265625,"[0.0, 0.0, 0.0, 0.0, 0.0, 0.0, 0.0, 0.0, 0.0]",,-1.625,-6.75,5.875,"[0.0, 0.0, 0.0, 0.0, 0.0, 0.0, 0.0, 0.0, 0.0]",,0.300000011921,-0.070000000298,-0.360000014305,"[0.0, 0.0, 0.0, 0.0, 0.0, 0.0, 0.0, 0.0, 0.0]"
1612714835739643940,,3577,,0,0,'',,-0.06689453125,0.606811523438,-0.565307617188,0.554748535156,"[0.0, 0.0, 0.0, 0.0, 0.0, 0.0, 0.0, 0.0, 0.0]",,-2.25,-4.6875,1.6875,"[0.0, 0.0, 0.0, 0.0, 0.0, 0.0, 0.0, 0.0, 0.0]",,-0.34999999404,0.0,0.259999990463,"[0.0, 0.0, 0.0, 0.0, 0.0, 0.0, 0.0, 0.0, 0.0]"
1612714835796264498,,3578,,0,0,'',,-0.065673828125,0.606384277344,-0.564697265625,0.555969238281,"[0.0, 0.0, 0.0, 0.0, 0.0, 0.0, 0.0, 0.0, 0.0]",,4.375,6.8125,6.125,"[0.0, 0.0, 0.0, 0.0, 0.0, 0.0, 0.0, 0.0, 0.0]",,-0.10000000149,0.140000000596,-0.25,"[0.0, 0.0, 0.0, 0.0, 0.0, 0.0, 0.0, 0.0, 0.0]"
1612714835844430705,,3579,,0,0,'',,-0.0635375976562,0.6083984375,-0.563049316406,0.555725097656,"[0.0, 0.0, 0.0, 0.0, 0.0, 0.0, 0.0, 0.0, 0.0]",,-8.625,-0.875,3.0,"[0.0, 0.0, 0.0, 0.0, 0.0, 0.0, 0.0, 0.0, 0.0]",,-0.270000010729,0.479999989271,0.34999999404,"[0.0, 0.0, 0.0, 0.0, 0.0, 0.0, 0.0, 0.0, 0.0]"
1612714835914428385,,3580,,0,0,'',,-0.0645141601562,0.607177734375,-0.559814453125,0.560180664062,"[0.0, 0.0, 0.0, 0.0, 0.0, 0.0, 0.0, 0.0, 0.0]",,3.25,-10.4375,7.625,"[0.0, 0.0, 0.0, 0.0, 0.0, 0.0, 0.0, 0.0, 0.0]",,0.0,-0.119999997318,0.129999995232,"[0.0, 0.0, 0.0, 0.0, 0.0, 0.0, 0.0, 0.0, 0.0]"
1612714835964975162,,3581,,0,0,'',,-0.062255859375,0.604797363281,-0.559875488281,0.562927246094,"[0.0, 0.0, 0.0, 0.0, 0.0, 0.0, 0.0, 0.0, 0.0]",,7.375,-0.625,5.5,"[0.0, 0.0, 0.0, 0.0, 0.0, 0.0, 0.0, 0.0, 0.0]",,0.189999997616,-0.600000023842,0.319999992847,"[0.0, 0.0, 0.0, 0.0, 0.0, 0.0, 0.0, 0.0, 0.0]"
1612714836024020091,,3582,,0,0,'',,-0.0596923828125,0.603210449219,-0.560180664062,0.564575195312,"[0.0, 0.0, 0.0, 0.0, 0.0, 0.0, 0.0, 0.0, 0.0]",,-2.5625,7.0625,3.3125,"[0.0, 0.0, 0.0, 0.0, 0.0, 0.0, 0.0, 0.0, 0.0]",,0.10000000149,-0.0900000035763,-0.379999995232,"[0.0, 0.0, 0.0, 0.0, 0.0, 0.0, 0.0, 0.0, 0.0]"
1612714836083103079,,3583,,0,0,'',,-0.0594482421875,0.606384277344,-0.558898925781,0.562438964844,"[0.0, 0.0, 0.0, 0.0, 0.0, 0.0, 0.0, 0.0, 0.0]",,-8.0625,0.375,-7.25,"[0.0, 0.0, 0.0, 0.0, 0.0, 0.0, 0.0, 0.0, 0.0]",,-0.550000011921,0.319999992847,0.860000014305,"[0.0, 0.0, 0.0, 0.0, 0.0, 0.0, 0.0, 0.0, 0.0]"
1612714836138247766,,3584,,0,0,'',,-0.06201171875,0.609313964844,-0.556762695312,0.561157226562,"[0.0, 0.0, 0.0, 0.0, 0.0, 0.0, 0.0, 0.0, 0.0]",,-2.75,-5.9375,8.0,"[0.0, 0.0, 0.0, 0.0, 0.0, 0.0, 0.0, 0.0, 0.0]",,-0.540000021458,-0.670000016689,-0.189999997616,"[0.0, 0.0, 0.0, 0.0, 0.0, 0.0, 0.0, 0.0, 0.0]"
1612714836195892913,,3585,,0,0,'',,-0.062255859375,0.610290527344,-0.555480957031,0.561340332031,"[0.0, 0.0, 0.0, 0.0, 0.0, 0.0, 0.0, 0.0, 0.0]",,-9.5625,9.25,-3.1875,"[0.0, 0.0, 0.0, 0.0, 0.0, 0.0, 0.0, 0.0, 0.0]",,0.40000000596,0.0900000035763,0.0900000035763,"[0.0, 0.0, 0.0, 0.0, 0.0, 0.0, 0.0, 0.0, 0.0]"
1612714836246591890,,3586,,0,0,'',,-0.0626220703125,0.615966796875,-0.554565429688,0.555969238281,"[0.0, 0.0, 0.0, 0.0, 0.0, 0.0, 0.0, 0.0, 0.0]",,-4.9375,5.5,-3.25,"[0.0, 0.0, 0.0, 0.0, 0.0, 0.0, 0.0, 0.0, 0.0]",,-0.509999990463,-0.019999999553,0.0,"[0.0, 0.0, 0.0, 0.0, 0.0, 0.0, 0.0, 0.0, 0.0]"
1612714836308160412,,3587,,0,0,'',,-0.0609741210938,0.615478515625,-0.554931640625,0.556335449219,"[0.0, 0.0, 0.0, 0.0, 0.0, 0.0, 0.0, 0.0, 0.0]",,6.0,-0.5,8.1875,"[0.0, 0.0, 0.0, 0.0, 0.0, 0.0, 0.0, 0.0, 0.0]",,-0.680000007153,-0.509999990463,-0.389999985695,"[0.0, 0.0, 0.0, 0.0, 0.0, 0.0, 0.0, 0.0, 0.0]"
1612714836360892278,,3588,,0,0,'',,-0.0587158203125,0.616638183594,-0.556091308594,0.554138183594,"[0.0, 0.0, 0.0, 0.0, 0.0, 0.0, 0.0, 0.0, 0.0]",,-1.1875,5.4375,-6.0625,"[0.0, 0.0, 0.0, 0.0, 0.0, 0.0, 0.0, 0.0, 0.0]",,-0.810000002384,-0.52999997139,0.0500000007451,"[0.0, 0.0, 0.0, 0.0, 0.0, 0.0, 0.0, 0.0, 0.0]"
1612714836423432487,,3589,,0,0,'',,-0.0582885742188,0.614685058594,-0.557678222656,0.554809570312,"[0.0, 0.0, 0.0, 0.0, 0.0, 0.0, 0.0, 0.0, 0.0]",,7.5,4.3125,-2.3125,"[0.0, 0.0, 0.0, 0.0, 0.0, 0.0, 0.0, 0.0, 0.0]",,0.72000002861,0.070000000298,-0.180000007153,"[0.0, 0.0, 0.0, 0.0, 0.0, 0.0, 0.0, 0.0, 0.0]"
1612714836486833046,,3590,,0,0,'',,-0.0559692382812,0.616638183594,-0.559875488281,0.550598144531,"[0.0, 0.0, 0.0, 0.0, 0.0, 0.0, 0.0, 0.0, 0.0]",,-1.1875,10.0625,-3.1875,"[0.0, 0.0, 0.0, 0.0, 0.0, 0.0, 0.0, 0.0, 0.0]",,-0.829999983311,-0.070000000298,0.439999997616,"[0.0, 0.0, 0.0, 0.0, 0.0, 0.0, 0.0, 0.0, 0.0]"
1612714836542516555,,3591,,0,0,'',,-0.0554809570312,0.615844726562,-0.560974121094,0.550415039062,"[0.0, 0.0, 0.0, 0.0, 0.0, 0.0, 0.0, 0.0, 0.0]",,4.6875,-5.3125,-1.0625,"[0.0, 0.0, 0.0, 0.0, 0.0, 0.0, 0.0, 0.0, 0.0]",,0.119999997318,-0.0599999986589,-0.0299999993294,"[0.0, 0.0, 0.0, 0.0, 0.0, 0.0, 0.0, 0.0, 0.0]"
1612714836615704274,,3592,,0,0,'',,-0.0542602539062,0.61572265625,-0.562194824219,0.549438476562,"[0.0, 0.0, 0.0, 0.0, 0.0, 0.0, 0.0, 0.0, 0.0]",,0.875,7.3125,-0.1875,"[0.0, 0.0, 0.0, 0.0, 0.0, 0.0, 0.0, 0.0, 0.0]",,-0.300000011921,0.0900000035763,0.15000000596,"[0.0, 0.0, 0.0, 0.0, 0.0, 0.0, 0.0, 0.0, 0.0]"
1612714836663208321,,3593,,0,0,'',,-0.0529174804688,0.616455078125,-0.562194824219,0.548767089844,"[0.0, 0.0, 0.0, 0.0, 0.0, 0.0, 0.0, 0.0, 0.0]",,0.25,-0.25,1.5625,"[0.0, 0.0, 0.0, 0.0, 0.0, 0.0, 0.0, 0.0, 0.0]",,-0.10000000149,-0.10000000149,0.189999997616,"[0.0, 0.0, 0.0, 0.0, 0.0, 0.0, 0.0, 0.0, 0.0]"
1612714836718839602,,3594,,0,0,'',,-0.0518798828125,0.616394042969,-0.56201171875,0.549072265625,"[0.0, 0.0, 0.0, 0.0, 0.0, 0.0, 0.0, 0.0, 0.0]",,-0.375,1.5,0.9375,"[0.0, 0.0, 0.0, 0.0, 0.0, 0.0, 0.0, 0.0, 0.0]",,-0.070000000298,0.0900000035763,0.189999997616,"[0.0, 0.0, 0.0, 0.0, 0.0, 0.0, 0.0, 0.0, 0.0]"
1612714836783346730,,3595,,0,0,'',,-0.0519409179688,0.616821289062,-0.561157226562,0.549499511719,"[0.0, 0.0, 0.0, 0.0, 0.0, 0.0, 0.0, 0.0, 0.0]",,-1.9375,-0.8125,2.375,"[0.0, 0.0, 0.0, 0.0, 0.0, 0.0, 0.0, 0.0, 0.0]",,-0.189999997616,-0.15000000596,-0.019999999553,"[0.0, 0.0, 0.0, 0.0, 0.0, 0.0, 0.0, 0.0, 0.0]"
1612714836839140783,,3596,,0,0,'',,-0.0517578125,0.6171875,-0.560180664062,0.550109863281,"[0.0, 0.0, 0.0, 0.0, 0.0, 0.0, 0.0, 0.0, 0.0]",,-1.4375,-0.5,1.5625,"[0.0, 0.0, 0.0, 0.0, 0.0, 0.0, 0.0, 0.0, 0.0]",,-0.109999999404,-0.00999999977648,0.20000000298,"[0.0, 0.0, 0.0, 0.0, 0.0, 0.0, 0.0, 0.0, 0.0]"
1612714836885985200,,3597,,0,0,'',,-0.0515747070312,0.61669921875,-0.559692382812,0.551147460938,"[0.0, 0.0, 0.0, 0.0, 0.0, 0.0, 0.0, 0.0, 0.0]",,1.3125,-1.9375,2.0625,"[0.0, 0.0, 0.0, 0.0, 0.0, 0.0, 0.0, 0.0, 0.0]",,-0.0399999991059,0.0,0.0399999991059,"[0.0, 0.0, 0.0, 0.0, 0.0, 0.0, 0.0, 0.0, 0.0]"
1612714836955370175,,3598,,0,0,'',,-0.051025390625,0.616577148438,-0.5595703125,0.551513671875,"[0.0, 0.0, 0.0, 0.0, 0.0, 0.0, 0.0, 0.0, 0.0]",,1.3125,0.5,1.25,"[0.0, 0.0, 0.0, 0.0, 0.0, 0.0, 0.0, 0.0, 0.0]",,-0.119999997318,-0.019999999553,0.0500000007451,"[0.0, 0.0, 0.0, 0.0, 0.0, 0.0, 0.0, 0.0, 0.0]"
1612714837000266860,,3599,,0,0,'',,-0.0507202148438,0.616455078125,-0.5595703125,0.551635742188,"[0.0, 0.0, 0.0, 0.0, 0.0, 0.0, 0.0, 0.0, 0.0]",,0.375,-1.125,0.1875,"[0.0, 0.0, 0.0, 0.0, 0.0, 0.0, 0.0, 0.0, 0.0]",,-0.140000000596,-0.119999997318,0.109999999404,"[0.0, 0.0, 0.0, 0.0, 0.0, 0.0, 0.0, 0.0, 0.0]"
1612714837060395558,,3600,,0,0,'',,-0.0511474609375,0.615356445312,-0.559936523438,0.552429199219,"[0.0, 0.0, 0.0, 0.0, 0.0, 0.0, 0.0, 0.0, 0.0]",,0.5,-2.375,-0.875,"[0.0, 0.0, 0.0, 0.0, 0.0, 0.0, 0.0, 0.0, 0.0]",,-0.0299999993294,0.00999999977648,0.140000000596,"[0.0, 0.0, 0.0, 0.0, 0.0, 0.0, 0.0, 0.0, 0.0]"
1612714837122720921,,3601,,0,0,'',,-0.0523681640625,0.614074707031,-0.560424804688,0.55322265625,"[0.0, 0.0, 0.0, 0.0, 0.0, 0.0, 0.0, 0.0, 0.0]",,2.0625,-6.5625,-2.1875,"[0.0, 0.0, 0.0, 0.0, 0.0, 0.0, 0.0, 0.0, 0.0]",,-0.180000007153,-0.239999994636,0.070000000298,"[0.0, 0.0, 0.0, 0.0, 0.0, 0.0, 0.0, 0.0, 0.0]"
1612714837174601076,,3602,,0,0,'',,-0.0545043945312,0.612243652344,-0.56201171875,0.553527832031,"[0.0, 0.0, 0.0, 0.0, 0.0, 0.0, 0.0, 0.0, 0.0]",,-5.5,-2.6875,-11.0625,"[0.0, 0.0, 0.0, 0.0, 0.0, 0.0, 0.0, 0.0, 0.0]",,-0.15000000596,0.270000010729,0.119999997318,"[0.0, 0.0, 0.0, 0.0, 0.0, 0.0, 0.0, 0.0, 0.0]"
1612714837239790073,,3603,,0,0,'',,-0.0579223632812,0.612243652344,-0.563293457031,0.551879882812,"[0.0, 0.0, 0.0, 0.0, 0.0, 0.0, 0.0, 0.0, 0.0]",,-0.0625,-0.875,-4.0,"[0.0, 0.0, 0.0, 0.0, 0.0, 0.0, 0.0, 0.0, 0.0]",,0.20000000298,-0.360000014305,-0.070000000298,"[0.0, 0.0, 0.0, 0.0, 0.0, 0.0, 0.0, 0.0, 0.0]"
1612714837292629164,,3604,,0,0,'',,-0.05810546875,0.611938476562,-0.565124511719,0.550231933594,"[0.0, 0.0, 0.0, 0.0, 0.0, 0.0, 0.0, 0.0, 0.0]",,1.0,6.8125,-2.625,"[0.0, 0.0, 0.0, 0.0, 0.0, 0.0, 0.0, 0.0, 0.0]",,0.25,-0.10000000149,0.579999983311,"[0.0, 0.0, 0.0, 0.0, 0.0, 0.0, 0.0, 0.0, 0.0]"
1612714837346286262,,3605,,0,0,'',,-0.053955078125,0.614440917969,-0.5654296875,0.547546386719,"[0.0, 0.0, 0.0, 0.0, 0.0, 0.0, 0.0, 0.0, 0.0]",,5.625,7.9375,2.1875,"[0.0, 0.0, 0.0, 0.0, 0.0, 0.0, 0.0, 0.0, 0.0]",,1.26999998093,-0.790000021458,0.460000008345,"[0.0, 0.0, 0.0, 0.0, 0.0, 0.0, 0.0, 0.0, 0.0]"
1612714837403048951,,3606,,0,0,'',,-0.0537719726562,0.613464355469,-0.565246582031,0.548889160156,"[0.0, 0.0, 0.0, 0.0, 0.0, 0.0, 0.0, 0.0, 0.0]",,3.625,-8.25,-0.625,"[0.0, 0.0, 0.0, 0.0, 0.0, 0.0, 0.0, 0.0, 0.0]",,-0.070000000298,0.490000009537,0.180000007153,"[0.0, 0.0, 0.0, 0.0, 0.0, 0.0, 0.0, 0.0, 0.0]"
1612714837461155014,,3607,,0,0,'',,-0.0565795898438,0.611755371094,-0.565490722656,0.55029296875,"[0.0, 0.0, 0.0, 0.0, 0.0, 0.0, 0.0, 0.0, 0.0]",,-2.1875,-3.625,-5.9375,"[0.0, 0.0, 0.0, 0.0, 0.0, 0.0, 0.0, 0.0, 0.0]",,-0.490000009537,-0.15000000596,0.340000003576,"[0.0, 0.0, 0.0, 0.0, 0.0, 0.0, 0.0, 0.0, 0.0]"
1612714837532400050,,3608,,0,0,'',,-0.060791015625,0.609924316406,-0.566528320312,0.55078125,"[0.0, 0.0, 0.0, 0.0, 0.0, 0.0, 0.0, 0.0, 0.0]",,-1.5625,-6.125,-4.0625,"[0.0, 0.0, 0.0, 0.0, 0.0, 0.0, 0.0, 0.0, 0.0]",,-0.10000000149,0.34999999404,-0.389999985695,"[0.0, 0.0, 0.0, 0.0, 0.0, 0.0, 0.0, 0.0, 0.0]"
1612714837581715157,,3609,,0,0,'',,-0.0623168945312,0.609619140625,-0.567260742188,0.550109863281,"[0.0, 0.0, 0.0, 0.0, 0.0, 0.0, 0.0, 0.0, 0.0]",,-2.875,-2.0,-1.5625,"[0.0, 0.0, 0.0, 0.0, 0.0, 0.0, 0.0, 0.0, 0.0]",,-0.550000011921,0.0299999993294,0.649999976158,"[0.0, 0.0, 0.0, 0.0, 0.0, 0.0, 0.0, 0.0, 0.0]"
1612714837638522224,,3610,,0,0,'',,-0.0650024414062,0.606262207031,-0.567993164062,0.552795410156,"[0.0, 0.0, 0.0, 0.0, 0.0, 0.0, 0.0, 0.0, 0.0]",,8.6875,-10.3125,0.8125,"[0.0, 0.0, 0.0, 0.0, 0.0, 0.0, 0.0, 0.0, 0.0]",,1.01999998093,0.97000002861,1.29999995232,"[0.0, 0.0, 0.0, 0.0, 0.0, 0.0, 0.0, 0.0, 0.0]"
1612714837718780482,,3611,,0,0,'',,-0.0645141601562,0.606811523438,-0.566772460938,0.553527832031,"[0.0, 0.0, 0.0, 0.0, 0.0, 0.0, 0.0, 0.0, 0.0]",,0.8125,-3.375,2.3125,"[0.0, 0.0, 0.0, 0.0, 0.0, 0.0, 0.0, 0.0, 0.0]",,-0.319999992847,-0.230000004172,0.019999999553,"[0.0, 0.0, 0.0, 0.0, 0.0, 0.0, 0.0, 0.0, 0.0]"
1612714837751723839,,3612,,0,0,'',,-0.0638427734375,0.605773925781,-0.566833496094,0.5546875,"[0.0, 0.0, 0.0, 0.0, 0.0, 0.0, 0.0, 0.0, 0.0]",,1.3125,2.125,1.125,"[0.0, 0.0, 0.0, 0.0, 0.0, 0.0, 0.0, 0.0, 0.0]",,-0.140000000596,0.0599999986589,0.189999997616,"[0.0, 0.0, 0.0, 0.0, 0.0, 0.0, 0.0, 0.0, 0.0]"
1612714837824531847,,3613,,0,0,'',,-0.0634765625,0.60595703125,-0.566955566406,0.554443359375,"[0.0, 0.0, 0.0, 0.0, 0.0, 0.0, 0.0, 0.0, 0.0]",,1.0625,-0.375,0.25,"[0.0, 0.0, 0.0, 0.0, 0.0, 0.0, 0.0, 0.0, 0.0]",,0.20000000298,0.0399999991059,0.119999997318,"[0.0, 0.0, 0.0, 0.0, 0.0, 0.0, 0.0, 0.0, 0.0]"
1612714837873339958,,3614,,0,0,'',,-0.0624389648438,0.606506347656,-0.567199707031,0.553649902344,"[0.0, 0.0, 0.0, 0.0, 0.0, 0.0, 0.0, 0.0, 0.0]",,0.0,4.625,0.4375,"[0.0, 0.0, 0.0, 0.0, 0.0, 0.0, 0.0, 0.0, 0.0]",,-0.209999993443,-0.0799999982119,0.0500000007451,"[0.0, 0.0, 0.0, 0.0, 0.0, 0.0, 0.0, 0.0, 0.0]"
1612714837938710326,,3615,,0,0,'',,-0.0615234375,0.607116699219,-0.567321777344,0.552978515625,"[0.0, 0.0, 0.0, 0.0, 0.0, 0.0, 0.0, 0.0, 0.0]",,-1.0,-0.875,0.3125,"[0.0, 0.0, 0.0, 0.0, 0.0, 0.0, 0.0, 0.0, 0.0]",,-0.019999999553,0.019999999553,0.10000000149,"[0.0, 0.0, 0.0, 0.0, 0.0, 0.0, 0.0, 0.0, 0.0]"
1612714837987548028,,3616,,0,0,'',,-0.0617065429688,0.607971191406,-0.566955566406,0.552368164062,"[0.0, 0.0, 0.0, 0.0, 0.0, 0.0, 0.0, 0.0, 0.0]",,-0.875,4.8125,-1.3125,"[0.0, 0.0, 0.0, 0.0, 0.0, 0.0, 0.0, 0.0, 0.0]",,-0.239999994636,0.0299999993294,0.180000007153,"[0.0, 0.0, 0.0, 0.0, 0.0, 0.0, 0.0, 0.0, 0.0]"
1612714838041228029,,3617,,0,0,'',,-0.0615234375,0.608337402344,-0.566711425781,0.552185058594,"[0.0, 0.0, 0.0, 0.0, 0.0, 0.0, 0.0, 0.0, 0.0]",,-0.25,-2.4375,2.0625,"[0.0, 0.0, 0.0, 0.0, 0.0, 0.0, 0.0, 0.0, 0.0]",,-0.00999999977648,-0.019999999553,0.0599999986589,"[0.0, 0.0, 0.0, 0.0, 0.0, 0.0, 0.0, 0.0, 0.0]"
1612714838098864506,,3618,,0,0,'',,-0.0611572265625,0.607849121094,-0.566772460938,0.552734375,"[0.0, 0.0, 0.0, 0.0, 0.0, 0.0, 0.0, 0.0, 0.0]",,2.25,-0.875,0.5625,"[0.0, 0.0, 0.0, 0.0, 0.0, 0.0, 0.0, 0.0, 0.0]",,0.0399999991059,-0.0399999991059,0.10000000149,"[0.0, 0.0, 0.0, 0.0, 0.0, 0.0, 0.0, 0.0, 0.0]"
1612714838154332990,,3619,,0,0,'',,-0.0601806640625,0.607543945312,-0.567016601562,0.552917480469,"[0.0, 0.0, 0.0, 0.0, 0.0, 0.0, 0.0, 0.0, 0.0]",,1.5,2.5,1.25,"[0.0, 0.0, 0.0, 0.0, 0.0, 0.0, 0.0, 0.0, 0.0]",,0.070000000298,0.0,0.0,"[0.0, 0.0, 0.0, 0.0, 0.0, 0.0, 0.0, 0.0, 0.0]"
1612714838215845811,,3620,,0,0,'',,-0.05859375,0.610168457031,-0.566650390625,0.550537109375,"[0.0, 0.0, 0.0, 0.0, 0.0, 0.0, 0.0, 0.0, 0.0]",,-3.25,17.1875,-2.125,"[0.0, 0.0, 0.0, 0.0, 0.0, 0.0, 0.0, 0.0, 0.0]",,0.319999992847,-0.300000011921,-0.239999994636,"[0.0, 0.0, 0.0, 0.0, 0.0, 0.0, 0.0, 0.0, 0.0]"
1612714838268360028,,3621,,0,0,'',,-0.0512084960938,0.621643066406,-0.566223144531,0.538818359375,"[0.0, 0.0, 0.0, 0.0, 0.0, 0.0, 0.0, 0.0, 0.0]",,-6.0,21.75,1.5625,"[0.0, 0.0, 0.0, 0.0, 0.0, 0.0, 0.0, 0.0, 0.0]",,-2.59999990463,0.730000019073,2.90000009537,"[0.0, 0.0, 0.0, 0.0, 0.0, 0.0, 0.0, 0.0, 0.0]"
1612714838331848265,,3622,,0,0,'',,-0.0540161132812,0.6220703125,-0.562927246094,0.54150390625,"[0.0, 0.0, 0.0, 0.0, 0.0, 0.0, 0.0, 0.0, 0.0]",,-16.8125,1.5,6.6875,"[0.0, 0.0, 0.0, 0.0, 0.0, 0.0, 0.0, 0.0, 0.0]",,0.0500000007451,-0.340000003576,-0.15000000596,"[0.0, 0.0, 0.0, 0.0, 0.0, 0.0, 0.0, 0.0, 0.0]"
1612714838379779450,,3623,,0,0,'',,-0.053466796875,0.627258300781,-0.557189941406,0.54150390625,"[0.0, 0.0, 0.0, 0.0, 0.0, 0.0, 0.0, 0.0, 0.0]",,-13.125,0.75,8.4375,"[0.0, 0.0, 0.0, 0.0, 0.0, 0.0, 0.0, 0.0, 0.0]",,-0.479999989271,-0.610000014305,0.639999985695,"[0.0, 0.0, 0.0, 0.0, 0.0, 0.0, 0.0, 0.0, 0.0]"
1612714838450097778,,3624,,0,0,'',,-0.0530395507812,0.633239746094,-0.549377441406,0.542541503906,"[0.0, 0.0, 0.0, 0.0, 0.0, 0.0, 0.0, 0.0, 0.0]",,-17.3125,19.5625,8.0,"[0.0, 0.0, 0.0, 0.0, 0.0, 0.0, 0.0, 0.0, 0.0]",,-1.23000001907,-0.469999998808,0.0,"[0.0, 0.0, 0.0, 0.0, 0.0, 0.0, 0.0, 0.0, 0.0]"
1612714838504662608,,3625,,0,0,'',,-0.0534057617188,0.637634277344,-0.545471191406,0.541320800781,"[0.0, 0.0, 0.0, 0.0, 0.0, 0.0, 0.0, 0.0, 0.0]",,-2.0,-7.3125,1.75,"[0.0, 0.0, 0.0, 0.0, 0.0, 0.0, 0.0, 0.0, 0.0]",,0.560000002384,-0.119999997318,-0.129999995232,"[0.0, 0.0, 0.0, 0.0, 0.0, 0.0, 0.0, 0.0, 0.0]"
1612714838581798363,,3626,,0,0,'',,-0.0518188476562,0.637512207031,-0.546203613281,0.540893554688,"[0.0, 0.0, 0.0, 0.0, 0.0, 0.0, 0.0, 0.0, 0.0]",,-3.8125,-0.8125,-0.8125,"[0.0, 0.0, 0.0, 0.0, 0.0, 0.0, 0.0, 0.0, 0.0]",,-0.660000026226,-0.15000000596,0.25,"[0.0, 0.0, 0.0, 0.0, 0.0, 0.0, 0.0, 0.0, 0.0]"
1612714838630386242,,3627,,0,0,'',,-0.0518188476562,0.63671875,-0.547424316406,0.540588378906,"[0.0, 0.0, 0.0, 0.0, 0.0, 0.0, 0.0, 0.0, 0.0]",,1.4375,-5.375,0.5,"[0.0, 0.0, 0.0, 0.0, 0.0, 0.0, 0.0, 0.0, 0.0]",,0.129999995232,0.189999997616,0.219999998808,"[0.0, 0.0, 0.0, 0.0, 0.0, 0.0, 0.0, 0.0, 0.0]"
1612714838685123597,,3628,,0,0,'',,-0.05224609375,0.636169433594,-0.547485351562,0.541137695312,"[0.0, 0.0, 0.0, 0.0, 0.0, 0.0, 0.0, 0.0, 0.0]",,0.75,-2.375,-1.5,"[0.0, 0.0, 0.0, 0.0, 0.0, 0.0, 0.0, 0.0, 0.0]",,-0.219999998808,-0.140000000596,0.0500000007451,"[0.0, 0.0, 0.0, 0.0, 0.0, 0.0, 0.0, 0.0, 0.0]"
1612714838749703835,,3629,,0,0,'',,-0.0516357421875,0.635192871094,-0.549011230469,0.540832519531,"[0.0, 0.0, 0.0, 0.0, 0.0, 0.0, 0.0, 0.0, 0.0]",,0.8125,1.0,-0.1875,"[0.0, 0.0, 0.0, 0.0, 0.0, 0.0, 0.0, 0.0, 0.0]",,-0.140000000596,-0.0399999991059,0.189999997616,"[0.0, 0.0, 0.0, 0.0, 0.0, 0.0, 0.0, 0.0, 0.0]"
1612714838801759449,,3630,,0,0,'',,-0.0504760742188,0.63525390625,-0.550109863281,0.539733886719,"[0.0, 0.0, 0.0, 0.0, 0.0, 0.0, 0.0, 0.0, 0.0]",,-0.1875,-0.125,-0.8125,"[0.0, 0.0, 0.0, 0.0, 0.0, 0.0, 0.0, 0.0, 0.0]",,-0.280000001192,-0.159999996424,0.0599999986589,"[0.0, 0.0, 0.0, 0.0, 0.0, 0.0, 0.0, 0.0, 0.0]"
1612714838852068788,,3631,,0,0,'',,-0.0490112304688,0.634887695312,-0.551818847656,0.538513183594,"[0.0, 0.0, 0.0, 0.0, 0.0, 0.0, 0.0, 0.0, 0.0]",,-1.0625,0.0,0.125,"[0.0, 0.0, 0.0, 0.0, 0.0, 0.0, 0.0, 0.0, 0.0]",,-0.189999997616,-0.10000000149,0.180000007153,"[0.0, 0.0, 0.0, 0.0, 0.0, 0.0, 0.0, 0.0, 0.0]"
1612714838923243305,,3632,,0,0,'',,-0.0485229492188,0.634948730469,-0.551574707031,0.538757324219,"[0.0, 0.0, 0.0, 0.0, 0.0, 0.0, 0.0, 0.0, 0.0]",,1.4375,0.0625,1.4375,"[0.0, 0.0, 0.0, 0.0, 0.0, 0.0, 0.0, 0.0, 0.0]",,-0.209999993443,0.189999997616,0.15000000596,"[0.0, 0.0, 0.0, 0.0, 0.0, 0.0, 0.0, 0.0, 0.0]"
1612714838975747329,,3633,,0,0,'',,-0.0479125976562,0.635009765625,-0.551452636719,0.538879394531,"[0.0, 0.0, 0.0, 0.0, 0.0, 0.0, 0.0, 0.0, 0.0]",,-2.1875,-0.6875,1.3125,"[0.0, 0.0, 0.0, 0.0, 0.0, 0.0, 0.0, 0.0, 0.0]",,-0.0500000007451,-0.119999997318,0.0,"[0.0, 0.0, 0.0, 0.0, 0.0, 0.0, 0.0, 0.0, 0.0]"
1612714839027724873,,3634,,0,0,'',,-0.0467529296875,0.635498046875,-0.550842285156,0.5390625,"[0.0, 0.0, 0.0, 0.0, 0.0, 0.0, 0.0, 0.0, 0.0]",,-1.4375,-0.3125,3.3125,"[0.0, 0.0, 0.0, 0.0, 0.0, 0.0, 0.0, 0.0, 0.0]",,-0.070000000298,-0.0799999982119,0.0599999986589,"[0.0, 0.0, 0.0, 0.0, 0.0, 0.0, 0.0, 0.0, 0.0]"
1612714839086302837,,3635,,0,0,'',,-0.0462036132812,0.636108398438,-0.550109863281,0.5390625,"[0.0, 0.0, 0.0, 0.0, 0.0, 0.0, 0.0, 0.0, 0.0]",,-2.0625,-1.25,1.625,"[0.0, 0.0, 0.0, 0.0, 0.0, 0.0, 0.0, 0.0, 0.0]",,-0.189999997616,-0.119999997318,0.00999999977648,"[0.0, 0.0, 0.0, 0.0, 0.0, 0.0, 0.0, 0.0, 0.0]"
1612714839141085907,,3636,,0,0,'',,-0.046142578125,0.635925292969,-0.549682617188,0.539733886719,"[0.0, 0.0, 0.0, 0.0, 0.0, 0.0, 0.0, 0.0, 0.0]",,-0.5625,0.875,0.5625,"[0.0, 0.0, 0.0, 0.0, 0.0, 0.0, 0.0, 0.0, 0.0]",,-0.109999999404,0.019999999553,0.0900000035763,"[0.0, 0.0, 0.0, 0.0, 0.0, 0.0, 0.0, 0.0, 0.0]"
1612714839200948100,,3637,,0,0,'',,-0.0462646484375,0.635803222656,-0.549621582031,0.539916992188,"[0.0, 0.0, 0.0, 0.0, 0.0, 0.0, 0.0, 0.0, 0.0]",,1.125,-1.125,-0.875,"[0.0, 0.0, 0.0, 0.0, 0.0, 0.0, 0.0, 0.0, 0.0]",,0.129999995232,-0.0500000007451,0.0399999991059,"[0.0, 0.0, 0.0, 0.0, 0.0, 0.0, 0.0, 0.0, 0.0]"
1612714839253714882,,3638,,0,0,'',,-0.0468139648438,0.635620117188,-0.550170898438,0.539611816406,"[0.0, 0.0, 0.0, 0.0, 0.0, 0.0, 0.0, 0.0, 0.0]",,0.5,-0.125,-1.25,"[0.0, 0.0, 0.0, 0.0, 0.0, 0.0, 0.0, 0.0, 0.0]",,0.0399999991059,-0.209999993443,0.0399999991059,"[0.0, 0.0, 0.0, 0.0, 0.0, 0.0, 0.0, 0.0, 0.0]"
1612714839317269418,,3639,,0,0,'',,-0.0466918945312,0.635192871094,-0.551330566406,0.538879394531,"[0.0, 0.0, 0.0, 0.0, 0.0, 0.0, 0.0, 0.0, 0.0]",,1.625,-1.1875,-2.3125,"[0.0, 0.0, 0.0, 0.0, 0.0, 0.0, 0.0, 0.0, 0.0]",,-0.209999993443,-0.0500000007451,0.230000004172,"[0.0, 0.0, 0.0, 0.0, 0.0, 0.0, 0.0, 0.0, 0.0]"
1612714839364031514,,3640,,0,0,'',,-0.0458374023438,0.633850097656,-0.554077148438,0.537719726562,"[0.0, 0.0, 0.0, 0.0, 0.0, 0.0, 0.0, 0.0, 0.0]",,3.1875,-1.25,-3.4375,"[0.0, 0.0, 0.0, 0.0, 0.0, 0.0, 0.0, 0.0, 0.0]",,0.0799999982119,0.0900000035763,0.019999999553,"[0.0, 0.0, 0.0, 0.0, 0.0, 0.0, 0.0, 0.0, 0.0]"
1612714839420734789,,3641,,0,0,'',,-0.0466918945312,0.633361816406,-0.554931640625,0.537292480469,"[0.0, 0.0, 0.0, 0.0, 0.0, 0.0, 0.0, 0.0, 0.0]",,-2.25,-2.375,-3.4375,"[0.0, 0.0, 0.0, 0.0, 0.0, 0.0, 0.0, 0.0, 0.0]",,-0.15000000596,0.0399999991059,0.0599999986589,"[0.0, 0.0, 0.0, 0.0, 0.0, 0.0, 0.0, 0.0, 0.0]"
1612714839486188170,,3642,,0,0,'',,-0.0499267578125,0.6328125,-0.554992675781,0.53759765625,"[0.0, 0.0, 0.0, 0.0, 0.0, 0.0, 0.0, 0.0, 0.0]",,-0.875,-5.4375,-5.875,"[0.0, 0.0, 0.0, 0.0, 0.0, 0.0, 0.0, 0.0, 0.0]",,-0.239999994636,0.109999999404,0.25,"[0.0, 0.0, 0.0, 0.0, 0.0, 0.0, 0.0, 0.0, 0.0]"
1612714839542218184,,3643,,0,0,'',,-0.0511474609375,0.631896972656,-0.558837890625,0.53466796875,"[0.0, 0.0, 0.0, 0.0, 0.0, 0.0, 0.0, 0.0, 0.0]",,10.3125,5.4375,-15.625,"[0.0, 0.0, 0.0, 0.0, 0.0, 0.0, 0.0, 0.0, 0.0]",,-0.899999976158,-0.449999988079,0.00999999977648,"[0.0, 0.0, 0.0, 0.0, 0.0, 0.0, 0.0, 0.0, 0.0]"
1612714839598546520,,3644,,0,0,'',,-0.0521850585938,0.628967285156,-0.564514160156,0.532043457031,"[0.0, 0.0, 0.0, 0.0, 0.0, 0.0, 0.0, 0.0, 0.0]",,2.4375,-15.1875,-2.8125,"[0.0, 0.0, 0.0, 0.0, 0.0, 0.0, 0.0, 0.0, 0.0]",,-0.579999983311,0.579999983311,0.0799999982119,"[0.0, 0.0, 0.0, 0.0, 0.0, 0.0, 0.0, 0.0, 0.0]"
1612714839652321873,,3645,,0,0,'',,-0.0565795898438,0.62451171875,-0.565307617188,0.535949707031,"[0.0, 0.0, 0.0, 0.0, 0.0, 0.0, 0.0, 0.0, 0.0]",,1.375,-20.8125,-1.4375,"[0.0, 0.0, 0.0, 0.0, 0.0, 0.0, 0.0, 0.0, 0.0]",,-0.270000010729,-0.280000001192,0.0399999991059,"[0.0, 0.0, 0.0, 0.0, 0.0, 0.0, 0.0, 0.0, 0.0]"
1612714839700896013,,3646,,0,0,'',,-0.0602416992188,0.619689941406,-0.564819335938,0.541564941406,"[0.0, 0.0, 0.0, 0.0, 0.0, 0.0, 0.0, 0.0, 0.0]",,-2.0,-9.1875,4.125,"[0.0, 0.0, 0.0, 0.0, 0.0, 0.0, 0.0, 0.0, 0.0]",,-0.170000001788,-0.340000003576,0.10000000149,"[0.0, 0.0, 0.0, 0.0, 0.0, 0.0, 0.0, 0.0, 0.0]"
1612714839768695515,,3647,,0,0,'',,-0.0613403320312,0.617370605469,-0.565002441406,0.5439453125,"[0.0, 0.0, 0.0, 0.0, 0.0, 0.0, 0.0, 0.0, 0.0]",,1.8125,-8.0,-1.4375,"[0.0, 0.0, 0.0, 0.0, 0.0, 0.0, 0.0, 0.0, 0.0]",,-0.34999999404,-0.0900000035763,0.25,"[0.0, 0.0, 0.0, 0.0, 0.0, 0.0, 0.0, 0.0, 0.0]"
1612714839819221972,,3648,,0,0,'',,-0.0651245117188,0.611694335938,-0.566955566406,0.5478515625,"[0.0, 0.0, 0.0, 0.0, 0.0, 0.0, 0.0, 0.0, 0.0]",,0.3125,-10.9375,-0.5,"[0.0, 0.0, 0.0, 0.0, 0.0, 0.0, 0.0, 0.0, 0.0]",,0.209999993443,-0.070000000298,-0.239999994636,"[0.0, 0.0, 0.0, 0.0, 0.0, 0.0, 0.0, 0.0, 0.0]"
1612714839873817464,,3649,,0,0,'',,-0.0665283203125,0.608459472656,-0.568054199219,0.550170898438,"[0.0, 0.0, 0.0, 0.0, 0.0, 0.0, 0.0, 0.0, 0.0]",,5.375,-5.5625,0.5,"[0.0, 0.0, 0.0, 0.0, 0.0, 0.0, 0.0, 0.0, 0.0]",,0.0,-0.10000000149,0.070000000298,"[0.0, 0.0, 0.0, 0.0, 0.0, 0.0, 0.0, 0.0, 0.0]"
1612714839934726105,,3650,,0,0,'',,-0.0659790039062,0.605712890625,-0.571228027344,0.549926757812,"[0.0, 0.0, 0.0, 0.0, 0.0, 0.0, 0.0, 0.0, 0.0]",,23.0625,-1.875,-2.9375,"[0.0, 0.0, 0.0, 0.0, 0.0, 0.0, 0.0, 0.0, 0.0]",,-0.40000000596,1.72000002861,-0.419999986887,"[0.0, 0.0, 0.0, 0.0, 0.0, 0.0, 0.0, 0.0, 0.0]"
1612714839992937745,,3651,,0,0,'',,-0.061279296875,0.599670410156,-0.576782226562,0.55126953125,"[0.0, 0.0, 0.0, 0.0, 0.0, 0.0, 0.0, 0.0, 0.0]",,-1.625,0.0,0.1875,"[0.0, 0.0, 0.0, 0.0, 0.0, 0.0, 0.0, 0.0, 0.0]",,-1.03999996185,1.41999995708,0.319999992847,"[0.0, 0.0, 0.0, 0.0, 0.0, 0.0, 0.0, 0.0, 0.0]"
1612714840048870356,,3652,,0,0,'',,-0.0601806640625,0.601013183594,-0.575317382812,0.551513671875,"[0.0, 0.0, 0.0, 0.0, 0.0, 0.0, 0.0, 0.0, 0.0]",,-2.4375,4.6875,4.875,"[0.0, 0.0, 0.0, 0.0, 0.0, 0.0, 0.0, 0.0, 0.0]",,0.259999990463,-0.170000001788,-0.419999986887,"[0.0, 0.0, 0.0, 0.0, 0.0, 0.0, 0.0, 0.0, 0.0]"
1612714840112929176,,3653,,0,0,'',,-0.0567626953125,0.603637695312,-0.573425292969,0.550964355469,"[0.0, 0.0, 0.0, 0.0, 0.0, 0.0, 0.0, 0.0, 0.0]",,0.375,9.5,7.75,"[0.0, 0.0, 0.0, 0.0, 0.0, 0.0, 0.0, 0.0, 0.0]",,0.519999980927,-1.04999995232,-0.730000019073,"[0.0, 0.0, 0.0, 0.0, 0.0, 0.0, 0.0, 0.0, 0.0]"
1612714840159026116,,3654,,0,0,'',,-0.0514526367188,0.603759765625,-0.575378417969,0.549377441406,"[0.0, 0.0, 0.0, 0.0, 0.0, 0.0, 0.0, 0.0, 0.0]",,26.4375,11.6875,2.5,"[0.0, 0.0, 0.0, 0.0, 0.0, 0.0, 0.0, 0.0, 0.0]",,2.0,0.019999999553,0.019999999553,"[0.0, 0.0, 0.0, 0.0, 0.0, 0.0, 0.0, 0.0, 0.0]"
1612714840225275043,,3655,,0,0,'',,-0.0403442382812,0.610595703125,-0.582336425781,0.535217285156,"[0.0, 0.0, 0.0, 0.0, 0.0, 0.0, 0.0, 0.0, 0.0]",,-7.6875,34.125,-5.0,"[0.0, 0.0, 0.0, 0.0, 0.0, 0.0, 0.0, 0.0, 0.0]",,-0.209999993443,0.119999997318,0.180000007153,"[0.0, 0.0, 0.0, 0.0, 0.0, 0.0, 0.0, 0.0, 0.0]"
1612714840293281358,,3656,,0,0,'',,-0.0374755859375,0.614074707031,-0.585144042969,0.5283203125,"[0.0, 0.0, 0.0, 0.0, 0.0, 0.0, 0.0, 0.0, 0.0]",,10.1875,-3.0,-9.1875,"[0.0, 0.0, 0.0, 0.0, 0.0, 0.0, 0.0, 0.0, 0.0]",,-0.319999992847,1.15999996662,0.00999999977648,"[0.0, 0.0, 0.0, 0.0, 0.0, 0.0, 0.0, 0.0, 0.0]"
1612714840336276335,,3657,,0,0,'',,-0.0388793945312,0.615417480469,-0.585876464844,0.525817871094,"[0.0, 0.0, 0.0, 0.0, 0.0, 0.0, 0.0, 0.0, 0.0]",,-1.375,3.6875,-2.25,"[0.0, 0.0, 0.0, 0.0, 0.0, 0.0, 0.0, 0.0, 0.0]",,-0.479999989271,-0.0299999993294,0.550000011921,"[0.0, 0.0, 0.0, 0.0, 0.0, 0.0, 0.0, 0.0, 0.0]"
1612714840399905014,,3658,,0,0,'',,-0.0392456054688,0.612915039062,-0.587280273438,0.527160644531,"[0.0, 0.0, 0.0, 0.0, 0.0, 0.0, 0.0, 0.0, 0.0]",,1.0,0.125,-4.3125,"[0.0, 0.0, 0.0, 0.0, 0.0, 0.0, 0.0, 0.0, 0.0]",,0.0599999986589,-0.109999999404,-0.15000000596,"[0.0, 0.0, 0.0, 0.0, 0.0, 0.0, 0.0, 0.0, 0.0]"
1612714840455311472,,3659,,0,0,'',,-0.0386352539062,0.612976074219,-0.588439941406,0.52587890625,"[0.0, 0.0, 0.0, 0.0, 0.0, 0.0, 0.0, 0.0, 0.0]",,8.75,2.0625,2.0,"[0.0, 0.0, 0.0, 0.0, 0.0, 0.0, 0.0, 0.0, 0.0]",,-0.419999986887,-0.300000011921,0.259999990463,"[0.0, 0.0, 0.0, 0.0, 0.0, 0.0, 0.0, 0.0, 0.0]"
1612714840518823970,,3660,,0,0,'',,-0.0391845703125,0.612243652344,-0.589416503906,0.525512695312,"[0.0, 0.0, 0.0, 0.0, 0.0, 0.0, 0.0, 0.0, 0.0]",,-11.3125,4.625,-4.5625,"[0.0, 0.0, 0.0, 0.0, 0.0, 0.0, 0.0, 0.0, 0.0]",,-0.20000000298,-0.370000004768,0.209999993443,"[0.0, 0.0, 0.0, 0.0, 0.0, 0.0, 0.0, 0.0, 0.0]"
1612714840586297913,,3661,,0,0,'',,-0.0387573242188,0.6123046875,-0.588989257812,0.526000976562,"[0.0, 0.0, 0.0, 0.0, 0.0, 0.0, 0.0, 0.0, 0.0]",,6.0,-7.9375,2.375,"[0.0, 0.0, 0.0, 0.0, 0.0, 0.0, 0.0, 0.0, 0.0]",,0.20000000298,0.370000004768,-0.070000000298,"[0.0, 0.0, 0.0, 0.0, 0.0, 0.0, 0.0, 0.0, 0.0]"
1612714840634150770,,3662,,0,0,'',,-0.0393676757812,0.611694335938,-0.588989257812,0.526672363281,"[0.0, 0.0, 0.0, 0.0, 0.0, 0.0, 0.0, 0.0, 0.0]",,5.0625,0.625,1.875,"[0.0, 0.0, 0.0, 0.0, 0.0, 0.0, 0.0, 0.0, 0.0]",,-0.449999988079,-0.159999996424,0.280000001192,"[0.0, 0.0, 0.0, 0.0, 0.0, 0.0, 0.0, 0.0, 0.0]"
1612714840689158779,,3663,,0,0,'',,-0.037109375,0.610412597656,-0.590576171875,0.526611328125,"[0.0, 0.0, 0.0, 0.0, 0.0, 0.0, 0.0, 0.0, 0.0]",,-2.375,-1.25,-0.875,"[0.0, 0.0, 0.0, 0.0, 0.0, 0.0, 0.0, 0.0, 0.0]",,-0.0900000035763,-0.140000000596,-0.15000000596,"[0.0, 0.0, 0.0, 0.0, 0.0, 0.0, 0.0, 0.0, 0.0]"
1612714840741486116,,3664,,0,0,'',,-0.0374755859375,0.610961914062,-0.588928222656,0.527709960938,"[0.0, 0.0, 0.0, 0.0, 0.0, 0.0, 0.0, 0.0, 0.0]",,-0.125,-3.25,2.1875,"[0.0, 0.0, 0.0, 0.0, 0.0, 0.0, 0.0, 0.0, 0.0]",,0.0299999993294,0.699999988079,0.189999997616,"[0.0, 0.0, 0.0, 0.0, 0.0, 0.0, 0.0, 0.0, 0.0]"
1612714840804420740,,3665,,0,0,'',,-0.0416870117188,0.614074707031,-0.585571289062,0.527465820312,"[0.0, 0.0, 0.0, 0.0, 0.0, 0.0, 0.0, 0.0, 0.0]",,-34.625,-0.25,-1.3125,"[0.0, 0.0, 0.0, 0.0, 0.0, 0.0, 0.0, 0.0, 0.0]",,0.360000014305,-0.740000009537,-0.439999997616,"[0.0, 0.0, 0.0, 0.0, 0.0, 0.0, 0.0, 0.0, 0.0]"
1612714840861056110,,3666,,0,0,'',,-0.0418701171875,0.620361328125,-0.580383300781,0.525817871094,"[0.0, 0.0, 0.0, 0.0, 0.0, 0.0, 0.0, 0.0, 0.0]",,5.0625,0.0625,2.9375,"[0.0, 0.0, 0.0, 0.0, 0.0, 0.0, 0.0, 0.0, 0.0]",,-0.0900000035763,0.460000008345,0.72000002861,"[0.0, 0.0, 0.0, 0.0, 0.0, 0.0, 0.0, 0.0, 0.0]"
